INSERT INTO public.pais (idPais,pais) VALUES ('AR','Argentina');
INSERT INTO public.pais (idPais,pais) VALUES ('BZ','Belice');
INSERT INTO public.pais (idPais,pais) VALUES ('BO','Bolivia');
INSERT INTO public.pais (idPais,pais) VALUES ('BR','Brasil');
INSERT INTO public.pais (idPais,pais) VALUES ('CA','Canadá');
INSERT INTO public.pais (idPais,pais) VALUES ('CL','Chile');
INSERT INTO public.pais (idPais,pais) VALUES ('CO','Colombia');
INSERT INTO public.pais (idPais,pais) VALUES ('CR','Costa Rica');
INSERT INTO public.pais (idPais,pais) VALUES ('EC','Ecuador');
INSERT INTO public.pais (idPais,pais) VALUES ('SV','El Salvador');
INSERT INTO public.pais (idPais,pais) VALUES ('US','Estados Unidos');
INSERT INTO public.pais (idPais,pais) VALUES ('GT','Guatemala');
INSERT INTO public.pais (idPais,pais) VALUES ('GY','Guyana');
INSERT INTO public.pais (idPais,pais) VALUES ('HN','Honduras');
INSERT INTO public.pais (idPais,pais) VALUES ('MX','México');
INSERT INTO public.pais (idPais,pais) VALUES ('NI','Nicaragua');
INSERT INTO public.pais (idPais,pais) VALUES ('PA','Panamá');
INSERT INTO public.pais (idPais,pais) VALUES ('PY','Paraguay');
INSERT INTO public.pais (idPais,pais) VALUES ('PE','Perú');
INSERT INTO public.pais (idPais,pais) VALUES ('SR','Surinam');
INSERT INTO public.pais (idPais,pais) VALUES ('UY','Uruguay');
INSERT INTO public.pais (idPais,pais) VALUES ('VE','Venezuela');


INSERT INTO public.especialidad (especialidad) VALUES ('Cardiología' );
INSERT INTO public.especialidad (especialidad) VALUES ('Dermatología' );
INSERT INTO public.especialidad (especialidad) VALUES ('Gastroenterología' );
INSERT INTO public.especialidad (especialidad) VALUES ('Endocrinología' );
INSERT INTO public.especialidad (especialidad) VALUES ('Neurología' );
INSERT INTO public.especialidad (especialidad) VALUES ('Ginecología' );
INSERT INTO public.especialidad (especialidad) VALUES ('Oftalmología' );
INSERT INTO public.especialidad (especialidad) VALUES ('Otorrinolaringología' );
INSERT INTO public.especialidad (especialidad) VALUES ('Ortopedia' );
INSERT INTO public.especialidad (especialidad) VALUES ('Pediatría' );
INSERT INTO public.especialidad (especialidad) VALUES ('Psiquiatría' );
INSERT INTO public.especialidad (especialidad) VALUES ('Radiología' );
INSERT INTO public.especialidad (especialidad) VALUES ('Urología' );
INSERT INTO public.especialidad (especialidad) VALUES ('Medicina Interna' );
INSERT INTO public.especialidad (especialidad) VALUES ('Medicina de Emergencia' );
INSERT INTO public.especialidad (especialidad) VALUES ('Anestesiología' );
INSERT INTO public.especialidad (especialidad) VALUES ('Medicina Nuclear' );
INSERT INTO public.especialidad (especialidad) VALUES ('Oncología' );
INSERT INTO public.especialidad (especialidad) VALUES ('Nefrología' );
INSERT INTO public.especialidad (especialidad) VALUES ('Neumología' );
INSERT INTO public.especialidad (especialidad) VALUES ('Radiología' );
INSERT INTO public.especialidad (especialidad) VALUES ('Cirugía Plástica' );
INSERT INTO public.especialidad (especialidad) VALUES ('Medicina del Deporte' );
INSERT INTO public.especialidad (especialidad) VALUES ('Hematología' );
INSERT INTO public.especialidad (especialidad) VALUES ('Medicina Forense' );
INSERT INTO public.especialidad (especialidad) VALUES ('Neurocirugía' );
INSERT INTO public.especialidad (especialidad) VALUES ('Ortopedia Pediátrica' );
INSERT INTO public.especialidad (especialidad) VALUES ('Geriatría' );
INSERT INTO public.especialidad (especialidad) VALUES ('Endodoncia' );
INSERT INTO public.especialidad (especialidad) VALUES ('Radioterapia' );
INSERT INTO public.medico (primerNombre,primerApellido,segundoNombre,segundoApellido,genero) VALUES ('Manuel','Saúl', 'Palacios', 'Cabrera', 'Masculino');
INSERT INTO public.medico (primerNombre,primerApellido,segundoNombre,segundoApellido,genero) VALUES ('Gael','José', 'Ponce', 'Palacios', 'Masculino');
INSERT INTO public.medico (primerNombre,primerApellido,segundoNombre,segundoApellido,genero) VALUES ('Liam','Noé', 'Zambrano', 'Mesa', 'Masculino');
INSERT INTO public.medico (primerNombre,primerApellido,segundoNombre,segundoApellido,genero) VALUES ('Eugenio','Walter', 'Corona', 'Ibáñez', 'Masculino');
INSERT INTO public.medico (primerNombre,primerApellido,segundoNombre,segundoApellido,genero) VALUES ('Jorge','Kevin', 'González', 'Sánchez', 'Masculino');
INSERT INTO public.medico (primerNombre,primerApellido,segundoNombre,segundoApellido,genero) VALUES ('Hugo','Tomás', 'Delgado', 'Hidalgo', 'Masculino');
INSERT INTO public.medico (primerNombre,primerApellido,segundoNombre,segundoApellido,genero) VALUES ('Héctor','Benjamín', 'Hernández', 'Ochoa', 'Masculino');
INSERT INTO public.medico (primerNombre,primerApellido,segundoNombre,segundoApellido,genero) VALUES ('Emilio','Juan', 'Ramírez', 'Romero', 'Masculino');
INSERT INTO public.medico (primerNombre,primerApellido,segundoNombre,segundoApellido,genero) VALUES ('Humberto','Federico', 'Bautista', 'Ruiz', 'Masculino');
INSERT INTO public.medico (primerNombre,primerApellido,segundoNombre,segundoApellido,genero) VALUES ('Vicente','Oscar', 'Paredes', 'Salas', 'Masculino');
INSERT INTO public.medico (primerNombre,primerApellido,segundoNombre,segundoApellido,genero) VALUES ('Lorenzo','Manuel', 'Beltrán', 'Corona', 'Masculino');
INSERT INTO public.medico (primerNombre,primerApellido,segundoNombre,segundoApellido,genero) VALUES ('Ángel','Jaime', 'Salas', 'Mendoza', 'Masculino');
INSERT INTO public.medico (primerNombre,primerApellido,segundoNombre,segundoApellido,genero) VALUES ('Benjamín','Benjamín', 'Paredes', 'Mendoza', 'Masculino');
INSERT INTO public.medico (primerNombre,primerApellido,segundoNombre,segundoApellido,genero) VALUES ('Roberto','Gigoberto', 'Giménez', 'García', 'Masculino');
INSERT INTO public.medico (primerNombre,primerApellido,segundoNombre,segundoApellido,genero) VALUES ('Kevin','Benjamín', 'Martínez', 'Soto', 'Masculino');
INSERT INTO public.medico (primerNombre,primerApellido,segundoNombre,segundoApellido,genero) VALUES ('Manuel','Alberto', 'López', 'Martín', 'Masculino');
INSERT INTO public.medico (primerNombre,primerApellido,segundoNombre,segundoApellido,genero) VALUES ('Héctor','Yahir', 'Navarro', 'Rubio', 'Masculino');
INSERT INTO public.medico (primerNombre,primerApellido,segundoNombre,segundoApellido,genero) VALUES ('Fernando','Fernando', 'Bermúdez', 'Pérez', 'Masculino');
INSERT INTO public.medico (primerNombre,primerApellido,segundoNombre,segundoApellido,genero) VALUES ('Abraham','Octavio', 'Bautista', 'Carrasco', 'Masculino');
INSERT INTO public.medico (primerNombre,primerApellido,segundoNombre,segundoApellido,genero) VALUES ('Roberto','Saúl', 'Martín', 'Miranda', 'Masculino');
INSERT INTO public.medico (primerNombre,primerApellido,segundoNombre,segundoApellido,genero) VALUES ('Gustavo','Eduardo', 'González', 'Fajardo', 'Masculino');
INSERT INTO public.medico (primerNombre,primerApellido,segundoNombre,segundoApellido,genero) VALUES ('Hugo','Hugo', 'Hidalgo', 'Calvo', 'Masculino');
INSERT INTO public.medico (primerNombre,primerApellido,segundoNombre,segundoApellido,genero) VALUES ('Rubén','Xavier', 'Bustamante', 'Montes', 'Masculino');
INSERT INTO public.medico (primerNombre,primerApellido,segundoNombre,segundoApellido,genero) VALUES ('Óscar','Tomás', 'Alonso', 'Prieto', 'Masculino');
INSERT INTO public.medico (primerNombre,primerApellido,segundoNombre,segundoApellido,genero) VALUES ('Facundo','Rafael', 'Hernández', 'Iglesias', 'Masculino');
INSERT INTO public.medico (primerNombre,primerApellido,segundoNombre,segundoApellido,genero) VALUES ('Yahir','René', 'Santos', 'Salgado', 'Masculino');
INSERT INTO public.medico (primerNombre,primerApellido,segundoNombre,segundoApellido,genero) VALUES ('Martín','Mario', 'Castro', 'Quintero', 'Masculino');
INSERT INTO public.medico (primerNombre,primerApellido,segundoNombre,segundoApellido,genero) VALUES ('Graciela','Mónica','Carrasco','Cordero','Femenino');
INSERT INTO public.medico (primerNombre,primerApellido,segundoNombre,segundoApellido,genero) VALUES ('Rosa María','Catalina','Aragón','Molina','Femenino');
INSERT INTO public.medico (primerNombre,primerApellido,segundoNombre,segundoApellido,genero) VALUES ('Magdalena','Isabel','Cabrera','Reyes','Femenino');
INSERT INTO public.medico (primerNombre,primerApellido,segundoNombre,segundoApellido,genero) VALUES ('Ana','Margarita','Jiménez','López','Femenino');
INSERT INTO public.medico (primerNombre,primerApellido,segundoNombre,segundoApellido,genero) VALUES ('María José','Ana María','Londoño','Soto','Femenino');
INSERT INTO public.medico (primerNombre,primerApellido,segundoNombre,segundoApellido,genero) VALUES ('Sofía','Gabriela','Fajardo','Fuentes','Femenino');
INSERT INTO public.medico (primerNombre,primerApellido,segundoNombre,segundoApellido,genero) VALUES ('Gloria','Catalina','Lorenzo','Torres','Femenino');
INSERT INTO public.medico (primerNombre,primerApellido,segundoNombre,segundoApellido,genero) VALUES ('Johana','Eugenia','Díaz','Herrero','Femenino');
INSERT INTO public.medico (primerNombre,primerApellido,segundoNombre,segundoApellido,genero) VALUES ('Julieta','Carmen','Campos','Sánchez','Femenino');
INSERT INTO public.medico (primerNombre,primerApellido,segundoNombre,segundoApellido,genero) VALUES ('Rocio','Angélica','Valle','Cruzado','Femenino');
INSERT INTO public.medico (primerNombre,primerApellido,segundoNombre,segundoApellido,genero) VALUES ('Rosa','Sara','Salgado','Blanco','Femenino');
INSERT INTO public.medico (primerNombre,primerApellido,segundoNombre,segundoApellido,genero) VALUES ('Inés','Julia','Fajardo','Castro','Femenino');
INSERT INTO public.medico (primerNombre,primerApellido,segundoNombre,segundoApellido,genero) VALUES ('Beatriz','Verónica','Muñoz','Ramos','Femenino');
INSERT INTO public.medico (primerNombre,primerApellido,segundoNombre,segundoApellido,genero) VALUES ('Lourdes','Carmen','Fernández','Bermúdez','Femenino');
INSERT INTO public.medico (primerNombre,primerApellido,segundoNombre,segundoApellido,genero) VALUES ('Lorena','Esther','Castro','Ramos','Femenino');
INSERT INTO public.medico (primerNombre,primerApellido,segundoNombre,segundoApellido,genero) VALUES ('Renata','Consuelo','Zambrano','Torres','Femenino');
INSERT INTO public.medico (primerNombre,primerApellido,segundoNombre,segundoApellido,genero) VALUES ('Diana','Carolina','Carrasco','Salgado','Femenino');
INSERT INTO public.medico (primerNombre,primerApellido,segundoNombre,segundoApellido,genero) VALUES ('Eva','Angélica','Olivares','Cruz','Femenino');
INSERT INTO public.medico (primerNombre,primerApellido,segundoNombre,segundoApellido,genero) VALUES ('Lorena','Diana','Beltrán','Miranda','Femenino');
INSERT INTO public.medico (primerNombre,primerApellido,segundoNombre,segundoApellido,genero) VALUES ('Victoria','Eugenia','Hidalgo','Londoño','Femenino');
INSERT INTO public.medico (primerNombre,primerApellido,segundoNombre,segundoApellido,genero) VALUES ('Selena','Susana','Cabrera','Vázquez','Femenino');
INSERT INTO public.medico (primerNombre,primerApellido,segundoNombre,segundoApellido,genero) VALUES ('Consuelo','Esther','Calvo','Flores','Femenino');
INSERT INTO public.medico (primerNombre,primerApellido,segundoNombre,segundoApellido,genero) VALUES ('Isabel','Patricia','Alvarado','Gallardo','Femenino');
INSERT INTO public.medico (primerNombre,primerApellido,segundoNombre,segundoApellido,genero) VALUES ('Gloria','María José','Martín','Salas','Femenino');
INSERT INTO public.medico (primerNombre,primerApellido,segundoNombre,segundoApellido,genero) VALUES ('Lucía','Ana María','Herrero','Rubio','Femenino');
INSERT INTO public.medico (primerNombre,primerApellido,segundoNombre,segundoApellido,genero) VALUES ('Paola','Gabriela','Gómez','Aguirre','Femenino');
INSERT INTO public.medico (primerNombre,primerApellido,segundoNombre,segundoApellido,genero) VALUES ('Ana','Lourdes','Bautista','Fuentes','Femenino');
INSERT INTO public.medico (primerNombre,primerApellido,segundoNombre,segundoApellido,genero) VALUES ('Beatriz','Inés','Serrano','Marín','Femenino');
INSERT INTO public.medico (primerNombre,primerApellido,segundoNombre,segundoApellido,genero) VALUES ('Renata','Lourdes','Tovar','Salas','Femenino');
INSERT INTO public.medico (primerNombre,primerApellido,segundoNombre,segundoApellido,genero) VALUES ('Lorena','Margarita','Ramos','Ibáñez','Femenino');
INSERT INTO public.medico (primerNombre,primerApellido,segundoNombre,segundoApellido,genero) VALUES ('Alicia','Irene','Guerrero','Castañeda','Femenino');
INSERT INTO public.medico (primerNombre,primerApellido,segundoNombre,segundoApellido,genero) VALUES ('Margarita','Carolina','Ochoa','Valle','Femenino');
INSERT INTO public.medico (primerNombre,primerApellido,segundoNombre,segundoApellido,genero) VALUES ('Silvia','Clara','Ramos','Fajardo','Femenino');
INSERT INTO public.medico (primerNombre,primerApellido,segundoNombre,segundoApellido,genero) VALUES ('Antonia','Victoria','Cano','Castañeda','Femenino');
INSERT INTO public.medico (primerNombre,primerApellido,segundoNombre,segundoApellido,genero) VALUES ('Zoe','Natalia','Martín','Mendoza','Femenino');
INSERT INTO public.medico (primerNombre,primerApellido,segundoNombre,segundoApellido,genero) VALUES ('Verónica','Ruth','Prieto','Carrasco','Femenino');
INSERT INTO public.medico (primerNombre,primerApellido,segundoNombre,segundoApellido,genero) VALUES ('Paloma','Margarita','Hernández','Blanco','Femenino');
INSERT INTO public.medico (primerNombre,primerApellido,segundoNombre,segundoApellido,genero) VALUES ('Sofía','Estela','Ruiz','Iglesias','Femenino');
INSERT INTO public.medico (primerNombre,primerApellido,segundoNombre,segundoApellido,genero) VALUES ('Eugenia','Lourdes','Molina','Palacios','Femenino');
INSERT INTO public.medico (primerNombre,primerApellido,segundoNombre,segundoApellido,genero) VALUES ('Carolina','Isabel','Alonso','Álvarez','Femenino');
INSERT INTO public.medico (primerNombre,primerApellido,segundoNombre,segundoApellido,genero) VALUES ('Mariana','Zoe','Cruz','Montes','Femenino');
INSERT INTO public.medico (primerNombre,primerApellido,segundoNombre,segundoApellido,genero) VALUES ('Marina','Marina','Carrasco','García','Femenino');
INSERT INTO public.medico (primerNombre,primerApellido,segundoNombre,segundoApellido,genero) VALUES ('Dolores','Estela','Cortés','Guerrero','Femenino');

INSERT INTO public.paciente (DNI,primerNombre,primerApellido,segundoNombre,segundoApellido,genero,fNacimiento,domicilio,idPais,telefono,email) VALUES ('1674712241','Leonardo','Serrano',' José Luis',' Garrido','Masculino','1995-05-06','Calle Ficticia #123, Ciudad Imaginaria, Provincia de Suenoville','AR','301270146','LeonardoSerrano@correo.com' );
INSERT INTO public.paciente (DNI,primerNombre,primerApellido,segundoNombre,segundoApellido,genero,fNacimiento,domicilio,idPais,telefono,email) VALUES ('1521156783','Yahir','Londoño',' Manuel',' Fajardo','Masculino','1957-06-22','Avenida de los Sueños #456, Pueblo Irreal, Provincia de Fantasia','AR','315330284','YahirLondoño@outlook.es' );
INSERT INTO public.paciente (DNI,primerNombre,primerApellido,segundoNombre,segundoApellido,genero,fNacimiento,domicilio,idPais,telefono,email) VALUES ('1337487388','Oscar','Hernández',' José Luis',' Benítez','Masculino','1994-07-25','Calle de Ensueños #789, Villa de los Deseos, Provincia de Ilusiones','AR','301530319','OscarHernández@outlook.es' );
INSERT INTO public.paciente (DNI,primerNombre,primerApellido,segundoNombre,segundoApellido,genero,fNacimiento,domicilio,idPais,telefono,email) VALUES ('1840667303','Gabriel','Benítez',' Saúl',' Torres','Masculino','1953-02-28','Avenida de la Imaginación #321, Pueblo Irreal, Provincia de Ensueño','AR','300728419','GabrielBenítez@correo.com' );
INSERT INTO public.paciente (DNI,primerNombre,primerApellido,segundoNombre,segundoApellido,genero,fNacimiento,domicilio,idPais,telefono,email) VALUES ('1618080588','Adrián','Morales',' Jaime',' Gallego','Masculino','1975-03-04','Calle de los Sueños #654, Ciudad Ficticia, Provincia de Utopía','AR','300038844','AdriánMorales@outlook.com' );
INSERT INTO public.paciente (DNI,primerNombre,primerApellido,segundoNombre,segundoApellido,genero,fNacimiento,domicilio,idPais,telefono,email) VALUES ('1875705254','Kevin','Quintero',' Ernesto',' Prieto','Masculino','1998-02-05','Avenida de la Ilusión #987, Villa de Ensueño, Provincia de Suenoville','AR','315764842','KevinQuintero@hotmail.com' );
INSERT INTO public.paciente (DNI,primerNombre,primerApellido,segundoNombre,segundoApellido,genero,fNacimiento,domicilio,idPais,telefono,email) VALUES ('1547019394','Gregorio','Álvarez',' Facundo',' Rubio','Masculino','1968-04-03','Calle Irreal #210, Ciudad de los Deseos, Provincia de Fantasia','AR','308111947','GregorioÁlvarez@outlook.es' );
INSERT INTO public.paciente (DNI,primerNombre,primerApellido,segundoNombre,segundoApellido,genero,fNacimiento,domicilio,idPais,telefono,email) VALUES ('1786027921','Ignacio','Carrasco',' Francisco',' Herrero','Masculino','1985-11-08','Avenida de la Fantasía #543, Pueblo de los Sueños, Provincia de Ilusiones','AR','300252917','IgnacioCarrasco@outlook.es' );
INSERT INTO public.paciente (DNI,primerNombre,primerApellido,segundoNombre,segundoApellido,genero,fNacimiento,domicilio,idPais,telefono,email) VALUES ('1844459694','Cristian','Ibáñez',' Javier',' Castañeda','Masculino','1966-12-08','Calle de Ensueños #876, Villa de la Imaginación, Provincia de Ensueño','AR','300721349','CristianIbáñez@hotmail.com' );
INSERT INTO public.paciente (DNI,primerNombre,primerApellido,segundoNombre,segundoApellido,genero,fNacimiento,domicilio,idPais,telefono,email) VALUES ('1098624305','Gabriel','Mendoza',' Federico',' Núñez','Masculino','1985-12-28','Avenida de la Utopía #109, Ciudad Irreal, Provincia de Utopía','AR','300737485','GabrielMendoza@correo.com' );
INSERT INTO public.paciente (DNI,primerNombre,primerApellido,segundoNombre,segundoApellido,genero,fNacimiento,domicilio,idPais,telefono,email) VALUES ('1965784070','Dante','Mesa',' Alfredo',' Mendoza','Masculino','1998-07-24','Calle de la Ilusión #432, Pueblo de las Fantasías, Provincia de Suenoville','AR','301497634','DanteMesa@correo.com' );
INSERT INTO public.paciente (DNI,primerNombre,primerApellido,segundoNombre,segundoApellido,genero,fNacimiento,domicilio,idPais,telefono,email) VALUES ('1244114661','Emilio','Ibáñez',' Héctor',' Prieto','Masculino','1976-05-13','Avenida Ficticia #765, Ciudad de la Utopía, Provincia de Fantasia','AR','301392244','EmilioIbáñez@outlook.com' );
INSERT INTO public.paciente (DNI,primerNombre,primerApellido,segundoNombre,segundoApellido,genero,fNacimiento,domicilio,idPais,telefono,email) VALUES ('1839546564','Gabriel','Palacios',' Armando',' Álvarez','Masculino','1979-01-12','Calle de la Esperanza #321, Pueblo de los Sueños, Provincia de Ilusiones','AR','300941632','GabrielPalacios@outlook.com' );
INSERT INTO public.paciente (DNI,primerNombre,primerApellido,segundoNombre,segundoApellido,genero,fNacimiento,domicilio,idPais,telefono,email) VALUES ('1689435091','Ulises','Benítez',' Tomás',' Tovar','Masculino','1961-10-01','Avenida de los Deseos #654, Villa de Ensueño, Provincia de Ensueño','AR','300465861','UlisesBenítez@outlook.com' );
INSERT INTO public.paciente (DNI,primerNombre,primerApellido,segundoNombre,segundoApellido,genero,fNacimiento,domicilio,idPais,telefono,email) VALUES ('1788504026','Arturo','Ruiz',' Víctor',' Serrano','Masculino','1995-03-22','Calle de los Sueños #987, Ciudad de las Fantasías, Provincia de Utopía','AR','315537740','ArturoRuiz@gmail.com' );
INSERT INTO public.paciente (DNI,primerNombre,primerApellido,segundoNombre,segundoApellido,genero,fNacimiento,domicilio,idPais,telefono,email) VALUES ('1232408218','Fernando','Montes',' Facundo',' Flores','Masculino','1989-06-16','Avenida de la Imaginación #210, Pueblo Irreal, Provincia de Suenoville','AR','300005467','FernandoMontes@hotmail.com' );
INSERT INTO public.paciente (DNI,primerNombre,primerApellido,segundoNombre,segundoApellido,genero,fNacimiento,domicilio,idPais,telefono,email) VALUES ('1192452120','Vicente','Marín',' Sergio',' Cruzado','Masculino','1983-04-04','Calle de la Utopía #543, Ciudad de Ensueños, Provincia de Ilusiones','AR','300779272','VicenteMarín@outlook.es' );
INSERT INTO public.paciente (DNI,primerNombre,primerApellido,segundoNombre,segundoApellido,genero,fNacimiento,domicilio,idPais,telefono,email) VALUES ('1068558482','Fausto','Díaz',' Zacarías',' Vega','Masculino','1965-09-10','Avenida de la Fantasía #876, Villa de la Ilusión, Provincia de Fantasia','AR','315837340','FaustoDíaz@outlook.com' );
INSERT INTO public.paciente (DNI,primerNombre,primerApellido,segundoNombre,segundoApellido,genero,fNacimiento,domicilio,idPais,telefono,email) VALUES ('1554257776','Gilberto','Sánchez',' Alberto',' Quintero','Masculino','1997-02-27','Calle Ficticia #109, Pueblo de los Deseos, Provincia de Suenoville','AR','315710394','GilbertoSánchez@gmail.com' );
INSERT INTO public.paciente (DNI,primerNombre,primerApellido,segundoNombre,segundoApellido,genero,fNacimiento,domicilio,idPais,telefono,email) VALUES ('1928533695','Vicente','Pérez',' Isaac',' Mesa','Masculino','1995-04-13','Avenida de la Ilusión #432, Ciudad de la Imaginación, Provincia de Utopía','AR','300191410','VicentePérez@correo.com' );
INSERT INTO public.paciente (DNI,primerNombre,primerApellido,segundoNombre,segundoApellido,genero,fNacimiento,domicilio,idPais,telefono,email) VALUES ('1072808782','Daniel','Ortega',' Israel',' Marín','Masculino','1970-04-09','Calle de Ensueños #765, Pueblo de Ensueño, Provincia de Ilusiones','AR','301601068','DanielOrtega@gmail.com' );
INSERT INTO public.paciente (DNI,primerNombre,primerApellido,segundoNombre,segundoApellido,genero,fNacimiento,domicilio,idPais,telefono,email) VALUES ('1990406280','Luis Alberto','Beltrán',' Cristian',' Bautista','Masculino','1999-05-06','Avenida de la Utopía #321, Ciudad Ficticia, Provincia de Fantasia','AR','300506218','Luis AlbertoBeltrán@hotmail.com' );
INSERT INTO public.paciente (DNI,primerNombre,primerApellido,segundoNombre,segundoApellido,genero,fNacimiento,domicilio,idPais,telefono,email) VALUES ('1402950003','Facundo','Flores',' Liam',' Mesa','Masculino','1994-09-11','Calle Irreal #654, Villa de la Esperanza, Provincia de Suenoville','AR','315903033','FacundoFlores@hotmail.com' );
INSERT INTO public.paciente (DNI,primerNombre,primerApellido,segundoNombre,segundoApellido,genero,fNacimiento,domicilio,idPais,telefono,email) VALUES ('1614558031','Héctor','Cruzado',' Erick',' Suárez','Masculino','1956-12-26','Avenida de los Sueños #987, Ciudad de la Ilusión, Provincia de Utopía','AR','300237607','HéctorCruzado@outlook.es' );
INSERT INTO public.paciente (DNI,primerNombre,primerApellido,segundoNombre,segundoApellido,genero,fNacimiento,domicilio,idPais,telefono,email) VALUES ('1498278004','Miguel','Márquez',' Luis Alberto',' Serrano','Masculino','1962-06-07','Calle de Ensueños #210, Pueblo de la Fantasía, Provincia de Ilusiones','AR','305865987','MiguelMárquez@gmail.com' );
INSERT INTO public.paciente (DNI,primerNombre,primerApellido,segundoNombre,segundoApellido,genero,fNacimiento,domicilio,idPais,telefono,email) VALUES ('1869330185','Iván','Giménez',' Bruno',' Mata','Masculino','1979-08-16','Avenida de la Imaginación #543, Ciudad de Ensueños, Provincia de Suenoville','AR','300477549','IvánGiménez@correo.com' );
INSERT INTO public.paciente (DNI,primerNombre,primerApellido,segundoNombre,segundoApellido,genero,fNacimiento,domicilio,idPais,telefono,email) VALUES ('1850563886','Ricardo','Aguilar',' Miguel',' Benítez','Masculino','1960-04-18','Calle de la Utopía #876, Villa de la Fantasía, Provincia de Utopía','AR','301954901','RicardoAguilar@outlook.com' );
INSERT INTO public.paciente (DNI,primerNombre,primerApellido,segundoNombre,segundoApellido,genero,fNacimiento,domicilio,idPais,telefono,email) VALUES ('1171719787','Néstor','Aguirre',' Felix',' Ramos','Masculino','1970-03-19','Avenida de los Deseos #109, Pueblo Irreal, Provincia de Fantasia','AR','315336089','NéstorAguirre@outlook.com' );
INSERT INTO public.paciente (DNI,primerNombre,primerApellido,segundoNombre,segundoApellido,genero,fNacimiento,domicilio,idPais,telefono,email) VALUES ('1445281559','Benjamín','González',' Armando',' Márquez','Masculino','1999-04-22','Calle de los Sueños #432, Ciudad de la Utopía, Provincia de Ilusiones','AR','301558273','BenjamínGonzález@outlook.com' );
INSERT INTO public.paciente (DNI,primerNombre,primerApellido,segundoNombre,segundoApellido,genero,fNacimiento,domicilio,idPais,telefono,email) VALUES ('1055864003','Patricio','Bustamante',' Antonio',' González','Masculino','1961-07-21','Avenida de la Ilusión #765, Pueblo de la Imaginación, Provincia de Suenoville','AR','310528581','PatricioBustamante@correo.com' );
INSERT INTO public.paciente (DNI,primerNombre,primerApellido,segundoNombre,segundoApellido,genero,fNacimiento,domicilio,idPais,telefono,email) VALUES ('1322233474','Héctor','López',' Iker',' Marín','Masculino','1957-10-06','Calle Ficticia #321, Villa de los Deseos, Provincia de Utopía','AR','301616340','HéctorLópez@outlook.es' );
INSERT INTO public.paciente (DNI,primerNombre,primerApellido,segundoNombre,segundoApellido,genero,fNacimiento,domicilio,idPais,telefono,email) VALUES ('1593035299','Arturo','Campos',' Pablo',' Bautista','Masculino','1956-07-25','Avenida Ficticia #654, Ciudad Irreal, Provincia de Ilusiones','AR','300548432','ArturoCampos@correo.com' );
INSERT INTO public.paciente (DNI,primerNombre,primerApellido,segundoNombre,segundoApellido,genero,fNacimiento,domicilio,idPais,telefono,email) VALUES ('1539389724','Liliana','Pérez',' Natalia',' Torres','Femenino','1997-10-12','Calle de Ensueños #987, Pueblo de Ensueño, Provincia de Fantasia','AR','321130927','LilianaPérez@hotmail.com' );
INSERT INTO public.paciente (DNI,primerNombre,primerApellido,segundoNombre,segundoApellido,genero,fNacimiento,domicilio,idPais,telefono,email) VALUES ('1970335367','Inés','Díaz',' Elena',' Marín','Femenino','1983-08-26','Avenida de la Fantasía #210, Ciudad de los Sueños, Provincia de Suenoville','AR','301951537','InésDíaz@hotmail.com' );
INSERT INTO public.paciente (DNI,primerNombre,primerApellido,segundoNombre,segundoApellido,genero,fNacimiento,domicilio,idPais,telefono,email) VALUES ('1330216253','Antonia','Herrera',' Beatriz',' Martín','Femenino','1999-08-25','Calle de la Utopía #543, Villa de Ensueño, Provincia de Ilusiones','AR','300185598','AntoniaHerrera@gmail.com' );
INSERT INTO public.paciente (DNI,primerNombre,primerApellido,segundoNombre,segundoApellido,genero,fNacimiento,domicilio,idPais,telefono,email) VALUES ('1470241718','Rita','Díaz',' Carolina',' Álvarez','Femenino','1976-09-08','Avenida de los Deseos #876, Pueblo de la Fantasía, Provincia de Utopía','AR','315416887','RitaDíaz@hotmail.com' );
INSERT INTO public.paciente (DNI,primerNombre,primerApellido,segundoNombre,segundoApellido,genero,fNacimiento,domicilio,idPais,telefono,email) VALUES ('1674168654','Beatriz','Hidalgo',' Olga',' Martínez','Femenino','1952-12-26','Calle Irreal #109, Ciudad de la Ilusión, Provincia de Suenoville','AR','300033614','BeatrizHidalgo@outlook.com' );
INSERT INTO public.paciente (DNI,primerNombre,primerApellido,segundoNombre,segundoApellido,genero,fNacimiento,domicilio,idPais,telefono,email) VALUES ('1029165226','María','Pérez',' Carmen',' Gómez','Femenino','1967-05-10','Avenida de la Imaginación #432, Villa de Ensueño, Provincia de Ilusiones','AR','321691771','MaríaPérez@gmail.com' );
INSERT INTO public.paciente (DNI,primerNombre,primerApellido,segundoNombre,segundoApellido,genero,fNacimiento,domicilio,idPais,telefono,email) VALUES ('1639390988','Alicia','Lorenzo',' Gabriela',' Ríos','Femenino','1961-03-27','Calle de los Sueños #765, Pueblo de los Deseos, Provincia de Utopía','AR','301227991','AliciaLorenzo@outlook.com' );
INSERT INTO public.paciente (DNI,primerNombre,primerApellido,segundoNombre,segundoApellido,genero,fNacimiento,domicilio,idPais,telefono,email) VALUES ('1448592241','Luz','Marín',' Rosa',' Núñez','Femenino','1989-02-26','Avenida de la Ilusión #321, Ciudad Ficticia, Provincia de Suenoville','AR','300556625','LuzMarín@hotmail.com' );
INSERT INTO public.paciente (DNI,primerNombre,primerApellido,segundoNombre,segundoApellido,genero,fNacimiento,domicilio,idPais,telefono,email) VALUES ('1676241534','Paloma','Suárez',' Laura',' García','Femenino','1963-01-19','Calle de Ensueños #654, Villa de la Fantasía, Provincia de Ilusiones','AR','300461038','PalomaSuárez@outlook.com' );
INSERT INTO public.paciente (DNI,primerNombre,primerApellido,segundoNombre,segundoApellido,genero,fNacimiento,domicilio,idPais,telefono,email) VALUES ('1646137968','Aurora','Ramos',' Victoria',' Mendoza','Femenino','1981-05-09','Avenida de la Utopía #987, Pueblo Irreal, Provincia de Utopía','AR','300250548','AuroraRamos@gmail.com' );
INSERT INTO public.paciente (DNI,primerNombre,primerApellido,segundoNombre,segundoApellido,genero,fNacimiento,domicilio,idPais,telefono,email) VALUES ('1310839817','Gabriela','Álvarez',' Elisa',' Miranda','Femenino','1982-11-24','Calle Ficticia #210, Ciudad de Ensueños, Provincia de Suenoville','AR','300086774','GabrielaÁlvarez@outlook.com' );
INSERT INTO public.paciente (DNI,primerNombre,primerApellido,segundoNombre,segundoApellido,genero,fNacimiento,domicilio,idPais,telefono,email) VALUES ('1151282313','Marina','Santos',' Mónica',' Navarro','Femenino','1992-04-14','Avenida de los Sueños #543, Pueblo de Ensueño, Provincia de Ilusiones','AR','301062967','MarinaSantos@correo.com' );
INSERT INTO public.paciente (DNI,primerNombre,primerApellido,segundoNombre,segundoApellido,genero,fNacimiento,domicilio,idPais,telefono,email) VALUES ('1525121644','Luna','Ibáñez',' Mariana',' Londoño','Femenino','1959-02-02','Calle de la Ilusión #876, Villa de la Imaginación, Provincia de Utopía','AR','300236086','LunaIbáñez@hotmail.com' );
INSERT INTO public.paciente (DNI,primerNombre,primerApellido,segundoNombre,segundoApellido,genero,fNacimiento,domicilio,idPais,telefono,email) VALUES ('1218440678','Gisela','Díaz',' Consuelo',' Cano','Femenino','1990-01-02','Avenida de la Fantasía #109, Pueblo de la Ilusión, Provincia de Fantasia','AR','301983564','GiselaDíaz@correo.com' );
INSERT INTO public.paciente (DNI,primerNombre,primerApellido,segundoNombre,segundoApellido,genero,fNacimiento,domicilio,idPais,telefono,email) VALUES ('1904937477','Laura','Alvarado',' Ana',' Herrero','Femenino','1963-05-13','Calle de los Deseos #432, Ciudad de la Utopía, Provincia de Suenoville','AR','301615384','LauraAlvarado@outlook.es' );
INSERT INTO public.paciente (DNI,primerNombre,primerApellido,segundoNombre,segundoApellido,genero,fNacimiento,domicilio,idPais,telefono,email) VALUES ('1110980113','Camila','Salgado',' Cecilia',' Ibáñez','Femenino','1997-05-02','Avenida de la Imaginación #765, Villa Ficticia, Provincia de Ilusiones','AR','300413201','CamilaSalgado@outlook.es' );
INSERT INTO public.paciente (DNI,primerNombre,primerApellido,segundoNombre,segundoApellido,genero,fNacimiento,domicilio,idPais,telefono,email) VALUES ('1964289506','Rita','Quintero',' Carmen',' Salas','Femenino','1981-07-10','Calle Irreal #321, Pueblo de los Sueños, Provincia de Utopía','AR','300370475','RitaQuintero@gmail.com' );
INSERT INTO public.paciente (DNI,primerNombre,primerApellido,segundoNombre,segundoApellido,genero,fNacimiento,domicilio,idPais,telefono,email) VALUES ('1649251672','Esther','Roldán',' Raquel',' Aguirre','Femenino','1995-04-08','Avenida de la Utopía #654, Ciudad de los Deseos, Provincia de Suenoville','AR','300268175','EstherRoldán@hotmail.com' );
INSERT INTO public.paciente (DNI,primerNombre,primerApellido,segundoNombre,segundoApellido,genero,fNacimiento,domicilio,idPais,telefono,email) VALUES ('1023637776','Ximena','Hidalgo',' Natalia',' Bautista','Femenino','1968-09-12','Calle de la Esperanza #987, Villa de la Ilusión, Provincia de Ilusiones','AR','300575499','XimenaHidalgo@hotmail.com' );
INSERT INTO public.paciente (DNI,primerNombre,primerApellido,segundoNombre,segundoApellido,genero,fNacimiento,domicilio,idPais,telefono,email) VALUES ('1170414252','Luna','Molina',' Carmen',' Molina','Femenino','1998-09-03','Avenida de los Deseos #210, Pueblo de Ensueño, Provincia de Utopía','AR','315762110','LunaMolina@hotmail.com' );
INSERT INTO public.paciente (DNI,primerNombre,primerApellido,segundoNombre,segundoApellido,genero,fNacimiento,domicilio,idPais,telefono,email) VALUES ('1493913833','Natalia','Ríos',' Renata',' Sánchez','Femenino','1964-05-20','Calle de Ensueños #543, Ciudad Irreal, Provincia de Suenoville','AR','300214473','NataliaRíos@outlook.es' );
INSERT INTO public.paciente (DNI,primerNombre,primerApellido,segundoNombre,segundoApellido,genero,fNacimiento,domicilio,idPais,telefono,email) VALUES ('1480997597','Berta','Tovar',' Inés',' Santos','Femenino','1954-07-23','Avenida de la Ilusión #876, Villa de la Fantasía, Provincia de Ilusiones','AR','301735216','BertaTovar@gmail.com' );
INSERT INTO public.paciente (DNI,primerNombre,primerApellido,segundoNombre,segundoApellido,genero,fNacimiento,domicilio,idPais,telefono,email) VALUES ('1096755376','Rocío','González',' Ana',' Ochoa','Femenino','1974-03-28','Calle de la Imaginación #109, Pueblo de la Utopía, Provincia de Suenoville','AR','315072503','RocíoGonzález@gmail.com' );
INSERT INTO public.paciente (DNI,primerNombre,primerApellido,segundoNombre,segundoApellido,genero,fNacimiento,domicilio,idPais,telefono,email) VALUES ('1538852790','Marcela','Ibáñez',' Rosa',' Ortega','Femenino','1970-11-26','Avenida Ficticia #432, Ciudad de Ensueños, Provincia de Ilusiones','AR','300605070','MarcelaIbáñez@outlook.es' );
INSERT INTO public.paciente (DNI,primerNombre,primerApellido,segundoNombre,segundoApellido,genero,fNacimiento,domicilio,idPais,telefono,email) VALUES ('1988497105','Eugenia','Cano',' Gloria',' Gallego','Femenino','1967-04-11','Calle de la Utopía #765, Villa de los Sueños, Provincia de Utopía','AR','300524985','EugeniaCano@outlook.com' );
INSERT INTO public.paciente (DNI,primerNombre,primerApellido,segundoNombre,segundoApellido,genero,fNacimiento,domicilio,idPais,telefono,email) VALUES ('1710009708','Lorena','Sánchez',' Magdalena',' Herrero','Femenino','1955-06-23','Avenida de los Sueños #321, Pueblo Irreal, Provincia de Suenoville','AR','301889190','LorenaSánchez@outlook.com' );
INSERT INTO public.paciente (DNI,primerNombre,primerApellido,segundoNombre,segundoApellido,genero,fNacimiento,domicilio,idPais,telefono,email) VALUES ('1432762030','Angélica','Romero',' Aurora',' Blanco','Femenino','1992-11-16','Calle Ficticia #654, Ciudad de la Imaginación, Provincia de Ilusiones','AR','300987666','AngélicaRomero@hotmail.com' );
INSERT INTO public.paciente (DNI,primerNombre,primerApellido,segundoNombre,segundoApellido,genero,fNacimiento,domicilio,idPais,telefono,email) VALUES ('1844661710','Rocio','Castro',' Marina',' Mata','Femenino','1972-04-09','Avenida de la Imaginación #987, Pueblo de los Deseos, Provincia de Utopía','AR','300633396','RocioCastro@correo.com' );
INSERT INTO public.paciente (DNI,primerNombre,primerApellido,segundoNombre,segundoApellido,genero,fNacimiento,domicilio,idPais,telefono,email) VALUES ('1308547186','Elena','Cordero',' Ruth',' Sánchez','Femenino','1983-12-06','Calle de los Sueños #210, Villa de Ensueño, Provincia de Suenoville','AR','301708930','ElenaCordero@hotmail.com' );
INSERT INTO public.paciente (DNI,primerNombre,primerApellido,segundoNombre,segundoApellido,genero,fNacimiento,domicilio,idPais,telefono,email) VALUES ('1453428284','Paola','Mendoza',' Rosa',' Alvarado','Femenino','1995-01-26','Avenida de la Utopía #543, Pueblo de Ensueño, Provincia de Ilusiones','AR','315921229','PaolaMendoza@hotmail.com' );
INSERT INTO public.paciente (DNI,primerNombre,primerApellido,segundoNombre,segundoApellido,genero,fNacimiento,domicilio,idPais,telefono,email) VALUES ('1438186605','María José','Delgado',' Sofía',' Tovar','Femenino','1983-11-23','Calle de la Ilusión #876, Ciudad Ficticia, Provincia de Utopía','AR','300771328','María JoséDelgado@correo.com' );
INSERT INTO public.paciente (DNI,primerNombre,primerApellido,segundoNombre,segundoApellido,genero,fNacimiento,domicilio,idPais,telefono,email) VALUES ('1894857682','Gloria','Herrero',' Clara',' Olivares','Femenino','1952-10-13','Avenida de la Fantasía #109, Pueblo de la Utopía, Provincia de Ilusiones','AR','321196028','GloriaHerrero@outlook.com' );
INSERT INTO public.paciente (DNI,primerNombre,primerApellido,segundoNombre,segundoApellido,genero,fNacimiento,domicilio,idPais,telefono,email) VALUES ('1717553365','Aurora','Alvarado',' Liliana',' Hernández','Femenino','1999-06-03','Calle de Ensueños #432, Villa de la Ilusión, Provincia de Suenoville','AR','310013606','AuroraAlvarado@hotmail.com' );
INSERT INTO public.paciente (DNI,primerNombre,primerApellido,segundoNombre,segundoApellido,genero,fNacimiento,domicilio,idPais,telefono,email) VALUES ('1430013074','Renata','Lara',' Inés',' Ibáñez','Femenino','1971-06-02','Avenida de la Ilusión #765, Pueblo de los Sueños, Provincia de Ilusiones','AR','301856206','RenataLara@hotmail.com' );
INSERT INTO public.paciente (DNI,primerNombre,primerApellido,segundoNombre,segundoApellido,genero,fNacimiento,domicilio,idPais,telefono,email) VALUES ('1447789553','Rocio','Flores',' Julia',' Duran','Femenino','1981-04-23','Calle de la Utopía #321, Ciudad Irreal, Provincia de Utopía','AR','300166461','RocioFlores@gmail.com' );
INSERT INTO public.paciente (DNI,primerNombre,primerApellido,segundoNombre,segundoApellido,genero,fNacimiento,domicilio,idPais,telefono,email) VALUES ('1902449389','Luisa','Pérez',' Irene',' Díaz','Femenino','1980-12-11','Avenida de los Deseos #654, Pueblo de Ensueño, Provincia de Suenoville','AR','308606811','LuisaPérez@outlook.es' );
INSERT INTO public.paciente (DNI,primerNombre,primerApellido,segundoNombre,segundoApellido,genero,fNacimiento,domicilio,idPais,telefono,email) VALUES ('1927177827','Daniela','Tovar',' Carolina',' Londoño','Femenino','1992-02-03','Calle de la Imaginación #987, Villa de Ensueño, Provincia de Ilusiones','AR','300000567','DanielaTovar@hotmail.com' );
INSERT INTO public.paciente (DNI,primerNombre,primerApellido,segundoNombre,segundoApellido,genero,fNacimiento,domicilio,idPais,telefono,email) VALUES ('1572267942','Johana','Ramírez',' Renata',' Aguirre','Femenino','1995-02-12','Avenida Ficticia #210, Pueblo de la Ilusión, Provincia de Utopía','AR','321852947','JohanaRamírez@correo.com' );
INSERT INTO public.paciente (DNI,primerNombre,primerApellido,segundoNombre,segundoApellido,genero,fNacimiento,domicilio,idPais,telefono,email) VALUES ('1858713071','Teresa','Fuentes',' Daniela',' Corona','Femenino','1995-10-08','Calle de la Fantasía #543, Ciudad de los Sueños, Provincia de Suenoville','AR','300710117','TeresaFuentes@outlook.com' );
INSERT INTO public.paciente (DNI,primerNombre,primerApellido,segundoNombre,segundoApellido,genero,fNacimiento,domicilio,idPais,telefono,email) VALUES ('1319726805','Magdalena','Castro',' Zoe',' Reyes','Femenino','1959-01-27','Avenida de la Utopía #876, Villa de los Deseos, Provincia de Ilusiones','AR','315475989','MagdalenaCastro@outlook.es' );
INSERT INTO public.paciente (DNI,primerNombre,primerApellido,segundoNombre,segundoApellido,genero,fNacimiento,domicilio,idPais,telefono,email) VALUES ('1211384295','María','Díaz',' Rita',' Salas','Femenino','1954-08-12','Calle Irreal #109, Pueblo de Ensueño, Provincia de Utopía','AR','300784557','MaríaDíaz@correo.com' );
INSERT INTO public.paciente (DNI,primerNombre,primerApellido,segundoNombre,segundoApellido,genero,fNacimiento,domicilio,idPais,telefono,email) VALUES ('1422826226','Ana','Ramírez',' Teresa',' Ochoa','Femenino','1992-05-16','Avenida de la Ilusión #432, Ciudad Ficticia, Provincia de Ilusiones','AR','300408908','AnaRamírez@gmail.com' );
INSERT INTO public.paciente (DNI,primerNombre,primerApellido,segundoNombre,segundoApellido,genero,fNacimiento,domicilio,idPais,telefono,email) VALUES ('1037768350','Irene','Aguirre',' Verónica',' García','Femenino','1989-10-12','Calle de los Sueños #765, Villa de la Imaginación, Provincia de Suenoville','AR','300738773','IreneAguirre@outlook.es' );

INSERT INTO public.paciente (DNI,primerNombre,primerApellido,segundoNombre,segundoApellido,genero,fNacimiento,domicilio,idPais,telefono,email) VALUES ('1538325627','Sergio','Iglesias',' Gilberto',' Lara','Masculino','1977-11-15','123 Calle Flores, Ciudad Belmopán','BZ','315496837','SergioIglesias@outlook.com' );
INSERT INTO public.paciente (DNI,primerNombre,primerApellido,segundoNombre,segundoApellido,genero,fNacimiento,domicilio,idPais,telefono,email) VALUES ('1549810094','Saúl','Valle',' Isaac',' Herrera','Masculino','1997-05-22','456 Avenida Palmas, San Pedro','BZ','305763820','SaúlValle@outlook.es' );
INSERT INTO public.paciente (DNI,primerNombre,primerApellido,segundoNombre,segundoApellido,genero,fNacimiento,domicilio,idPais,telefono,email) VALUES ('1313940307','Adrián','Ponce',' Vicente',' Moreno','Masculino','1992-08-01','789 Calle Coral, Dangriga','BZ','300851306','AdriánPonce@correo.com' );
INSERT INTO public.paciente (DNI,primerNombre,primerApellido,segundoNombre,segundoApellido,genero,fNacimiento,domicilio,idPais,telefono,email) VALUES ('1800178855','Antonio','Aguirre',' Pablo',' Soto','Masculino','1958-03-22','321 Avenida Marina, Punta Gorda','BZ','308526624','AntonioAguirre@outlook.com' );
INSERT INTO public.paciente (DNI,primerNombre,primerApellido,segundoNombre,segundoApellido,genero,fNacimiento,domicilio,idPais,telefono,email) VALUES ('1332329827','Gregorio','Corona',' Enrique',' Duran','Masculino','1954-11-01','654 Calle Bosque, Orange Walk','BZ','300082064','GregorioCorona@outlook.es' );
INSERT INTO public.paciente (DNI,primerNombre,primerApellido,segundoNombre,segundoApellido,genero,fNacimiento,domicilio,idPais,telefono,email) VALUES ('1972663941','René','Londoño',' Juan',' Ortega','Masculino','1975-10-04','987 Avenida Playa, Caye Caulker','BZ','300531165','RenéLondoño@gmail.com' );
INSERT INTO public.paciente (DNI,primerNombre,primerApellido,segundoNombre,segundoApellido,genero,fNacimiento,domicilio,idPais,telefono,email) VALUES ('1927257217','Luis Alberto','Campos',' Zacarías',' Mata','Masculino','1980-06-08','234 Calle Estrella, Belize City','BZ','300145131','Luis AlbertoCampos@outlook.com' );
INSERT INTO public.paciente (DNI,primerNombre,primerApellido,segundoNombre,segundoApellido,genero,fNacimiento,domicilio,idPais,telefono,email) VALUES ('1711090582','Óscar','Herrero',' Gigoberto',' Romero','Masculino','1995-11-23','567 Avenida Arena, Corozal','BZ','301603201','ÓscarHerrero@correo.com' );
INSERT INTO public.paciente (DNI,primerNombre,primerApellido,segundoNombre,segundoApellido,genero,fNacimiento,domicilio,idPais,telefono,email) VALUES ('1207049718','Francisco','Navarro',' Gilberto',' Torres','Masculino','1973-11-16','890 Calle Pescado, Benque Viejo del Carmen','BZ','300706423','FranciscoNavarro@outlook.es' );
INSERT INTO public.paciente (DNI,primerNombre,primerApellido,segundoNombre,segundoApellido,genero,fNacimiento,domicilio,idPais,telefono,email) VALUES ('1522273290','Gigoberto','Delgado',' Enrique',' Beltrán','Masculino','1989-12-14','123 Avenida Isla, Placencia','BZ','300214554','GigobertoDelgado@correo.com' );
INSERT INTO public.paciente (DNI,primerNombre,primerApellido,segundoNombre,segundoApellido,genero,fNacimiento,domicilio,idPais,telefono,email) VALUES ('1872863955','Gilberto','Álvarez',' Fernando',' Fernández','Masculino','1995-07-10','456 Calle Palmera, Belmopán','BZ','315265870','GilbertoÁlvarez@correo.com' );
INSERT INTO public.paciente (DNI,primerNombre,primerApellido,segundoNombre,segundoApellido,genero,fNacimiento,domicilio,idPais,telefono,email) VALUES ('1666573783','Arturo','Ochoa',' Tomás',' Corona','Masculino','1993-05-26','789 Avenida Mariposa, San Ignacio','BZ','310201768','ArturoOchoa@correo.com' );
INSERT INTO public.paciente (DNI,primerNombre,primerApellido,segundoNombre,segundoApellido,genero,fNacimiento,domicilio,idPais,telefono,email) VALUES ('1351745866','Israel','Herrera',' Ramón',' Navarrete','Masculino','1953-02-27','321 Calle Caracol, Hopkins','BZ','300761086','IsraelHerrera@outlook.es' );
INSERT INTO public.paciente (DNI,primerNombre,primerApellido,segundoNombre,segundoApellido,genero,fNacimiento,domicilio,idPais,telefono,email) VALUES ('1913575862','Enrique','Ochoa',' Jaime',' Fernández','Masculino','1953-02-13','654 Avenida Azul, Cayo District','BZ','300507230','EnriqueOchoa@correo.com' );
INSERT INTO public.paciente (DNI,primerNombre,primerApellido,segundoNombre,segundoApellido,genero,fNacimiento,domicilio,idPais,telefono,email) VALUES ('1659182518','Liam','Lara',' Octavio',' Martínez','Masculino','1953-08-19','987 Calle Cangrejo, Dangriga','BZ','300101362','LiamLara@hotmail.com' );
INSERT INTO public.paciente (DNI,primerNombre,primerApellido,segundoNombre,segundoApellido,genero,fNacimiento,domicilio,idPais,telefono,email) VALUES ('1041491082','Antonio','Moreno',' Lorenzo',' Pizarro','Masculino','1971-01-14','234 Avenida Selva, Punta Gorda','BZ','300933790','AntonioMoreno@hotmail.com' );
INSERT INTO public.paciente (DNI,primerNombre,primerApellido,segundoNombre,segundoApellido,genero,fNacimiento,domicilio,idPais,telefono,email) VALUES ('1875880997','Antonio','Gallardo',' Francisco',' Alonso','Masculino','1998-02-08','567 Calle Playa Blanca, Belize City','BZ','308198504','AntonioGallardo@gmail.com' );
INSERT INTO public.paciente (DNI,primerNombre,primerApellido,segundoNombre,segundoApellido,genero,fNacimiento,domicilio,idPais,telefono,email) VALUES ('1025366283','Juan','Garrido',' Arturo',' Ibáñez','Masculino','1999-12-08','890 Avenida Coralillo, Corozal','BZ','300314528','JuanGarrido@outlook.es' );
INSERT INTO public.paciente (DNI,primerNombre,primerApellido,segundoNombre,segundoApellido,genero,fNacimiento,domicilio,idPais,telefono,email) VALUES ('1915439385','Gael','García',' Isaac',' Ochoa','Masculino','1964-12-12','123 Calle Jardín, Orange Walk','BZ','300138531','GaelGarcía@hotmail.com' );
INSERT INTO public.paciente (DNI,primerNombre,primerApellido,segundoNombre,segundoApellido,genero,fNacimiento,domicilio,idPais,telefono,email) VALUES ('1575102137','Leonardo','Giménez',' Gustavo',' Aragón','Masculino','1980-10-04','456 Avenida Bahía, Caye Caulker','BZ','300304812','LeonardoGiménez@correo.com' );
INSERT INTO public.paciente (DNI,primerNombre,primerApellido,segundoNombre,segundoApellido,genero,fNacimiento,domicilio,idPais,telefono,email) VALUES ('1330092376','Javier','Gómez',' René',' Corona','Masculino','1964-09-07','789 Calle Roble, Placencia','BZ','301398560','JavierGómez@outlook.com' );
INSERT INTO public.paciente (DNI,primerNombre,primerApellido,segundoNombre,segundoApellido,genero,fNacimiento,domicilio,idPais,telefono,email) VALUES ('1383899920','Facundo','González',' Manuel',' Montes','Masculino','1968-05-03','321 Avenida Olas, Belmopán','BZ','315163735','FacundoGonzález@gmail.com' );
INSERT INTO public.paciente (DNI,primerNombre,primerApellido,segundoNombre,segundoApellido,genero,fNacimiento,domicilio,idPais,telefono,email) VALUES ('1100880722','Gilberto','Herrero',' Saúl',' Corona','Masculino','1994-04-20','654 Calle Ceiba, San Pedro','BZ','301829922','GilbertoHerrero@outlook.com' );
INSERT INTO public.paciente (DNI,primerNombre,primerApellido,segundoNombre,segundoApellido,genero,fNacimiento,domicilio,idPais,telefono,email) VALUES ('1221192965','Armando','Delgado',' Lorenzo',' Mendoza','Masculino','1956-01-28','987 Avenida Montaña, San Ignacio','BZ','300877414','ArmandoDelgado@correo.com' );
INSERT INTO public.paciente (DNI,primerNombre,primerApellido,segundoNombre,segundoApellido,genero,fNacimiento,domicilio,idPais,telefono,email) VALUES ('1045167902','Alfredo','Hidalgo',' Diego',' Márquez','Masculino','1957-06-03','234 Calle Río, Benque Viejo del Carmen','BZ','305103056','AlfredoHidalgo@correo.com' );
INSERT INTO public.paciente (DNI,primerNombre,primerApellido,segundoNombre,segundoApellido,genero,fNacimiento,domicilio,idPais,telefono,email) VALUES ('1605568285','Johana','Martínez',' Esther',' Cano','Femenino','1981-08-02','567 Avenida Flamenco, Hopkins','BZ','310566547','JohanaMartínez@outlook.com' );
INSERT INTO public.paciente (DNI,primerNombre,primerApellido,segundoNombre,segundoApellido,genero,fNacimiento,domicilio,idPais,telefono,email) VALUES ('1714156851','Carolina','Ochoa',' Gabriela',' Aguirre','Femenino','1984-10-10','890 Calle Tortuga, Cayo District','BZ','300878516','CarolinaOchoa@outlook.com' );
INSERT INTO public.paciente (DNI,primerNombre,primerApellido,segundoNombre,segundoApellido,genero,fNacimiento,domicilio,idPais,telefono,email) VALUES ('1136957161','Paola','Hidalgo',' Miriam',' Marín','Femenino','1996-11-17','123 Avenida Sol, Dangriga','BZ','321967752','PaolaHidalgo@outlook.com' );
INSERT INTO public.paciente (DNI,primerNombre,primerApellido,segundoNombre,segundoApellido,genero,fNacimiento,domicilio,idPais,telefono,email) VALUES ('1057995171','Luisa','Beltrán',' Yolanda',' Vega','Femenino','1998-04-27','456 Calle Palma Real, Punta Gorda','BZ','300322326','LuisaBeltrán@gmail.com' );
INSERT INTO public.paciente (DNI,primerNombre,primerApellido,segundoNombre,segundoApellido,genero,fNacimiento,domicilio,idPais,telefono,email) VALUES ('1147589232','Gabriela','Ponce',' Eugenia',' Guerrero','Femenino','1978-11-25','789 Avenida Brisas, Belize City','BZ','300480523','GabrielaPonce@hotmail.com' );
INSERT INTO public.paciente (DNI,primerNombre,primerApellido,segundoNombre,segundoApellido,genero,fNacimiento,domicilio,idPais,telefono,email) VALUES ('1704306483','Olga','Bermúdez',' Camila',' Fajardo','Femenino','1955-11-17','321 Calle Naranjo, Corozal','BZ','300320812','OlgaBermúdez@gmail.com' );
INSERT INTO public.paciente (DNI,primerNombre,primerApellido,segundoNombre,segundoApellido,genero,fNacimiento,domicilio,idPais,telefono,email) VALUES ('1508925590','Ruth','Martínez',' Selena',' Salgado','Femenino','1997-11-06','654 Avenida Agua Clara, Orange Walk','BZ','300349419','RuthMartínez@gmail.com' );
INSERT INTO public.paciente (DNI,primerNombre,primerApellido,segundoNombre,segundoApellido,genero,fNacimiento,domicilio,idPais,telefono,email) VALUES ('1214413964','Gisela','Corona',' Irma',' Hernández','Femenino','1954-06-21','987 Calle Piedras, Caye Caulker','BZ','300167369','GiselaCorona@outlook.com' );
INSERT INTO public.paciente (DNI,primerNombre,primerApellido,segundoNombre,segundoApellido,genero,fNacimiento,domicilio,idPais,telefono,email) VALUES ('1680830303','Victoria','Pérez',' Johana',' Molina','Femenino','1991-07-22','234 Avenida Luna, Placencia','BZ','300453565','VictoriaPérez@gmail.com' );
INSERT INTO public.paciente (DNI,primerNombre,primerApellido,segundoNombre,segundoApellido,genero,fNacimiento,domicilio,idPais,telefono,email) VALUES ('1428228051','Isabel','Cruzado',' Yolanda',' Roldán','Femenino','1961-01-19','567 Calle Manglar, Belmopán','BZ','300167351','IsabelCruzado@correo.com' );
INSERT INTO public.paciente (DNI,primerNombre,primerApellido,segundoNombre,segundoApellido,genero,fNacimiento,domicilio,idPais,telefono,email) VALUES ('1143794092','Paola','Muñoz',' Rocío',' Aguilar','Femenino','1959-02-23','890 Avenida Bosquecillo, San Ignacio','BZ','300775401','PaolaMuñoz@correo.com' );
INSERT INTO public.paciente (DNI,primerNombre,primerApellido,segundoNombre,segundoApellido,genero,fNacimiento,domicilio,idPais,telefono,email) VALUES ('1366249533','Consuelo','Castro',' Rosa María',' Mata','Femenino','1999-03-21','123 Calle Azahar, Benque Viejo del Carmen','BZ','300343159','ConsueloCastro@hotmail.com' );
INSERT INTO public.paciente (DNI,primerNombre,primerApellido,segundoNombre,segundoApellido,genero,fNacimiento,domicilio,idPais,telefono,email) VALUES ('1174365995','Graciela','Sánchez',' Aurora',' Alvarado','Femenino','1995-05-23','456 Avenida Palmeras, San Pedro','BZ','300175147','GracielaSánchez@outlook.com' );
INSERT INTO public.paciente (DNI,primerNombre,primerApellido,segundoNombre,segundoApellido,genero,fNacimiento,domicilio,idPais,telefono,email) VALUES ('1662165586','Aurora','Cruz',' Claudia',' Castañeda','Femenino','1981-05-06','789 Calle Lluvia, Dangriga','BZ','300052095','AuroraCruz@outlook.com' );
INSERT INTO public.paciente (DNI,primerNombre,primerApellido,segundoNombre,segundoApellido,genero,fNacimiento,domicilio,idPais,telefono,email) VALUES ('1186291577','Susana','Pizarro',' Laura',' Soto','Femenino','1969-11-26','321 Avenida Tierra, Punta Gorda','BZ','301057320','SusanaPizarro@outlook.com' );
INSERT INTO public.paciente (DNI,primerNombre,primerApellido,segundoNombre,segundoApellido,genero,fNacimiento,domicilio,idPais,telefono,email) VALUES ('1629667392','Rita','Pizarro',' Julieta',' Soto','Femenino','1981-05-24','654 Calle Arrecife, Belize City','BZ','305975488','RitaPizarro@outlook.com' );
INSERT INTO public.paciente (DNI,primerNombre,primerApellido,segundoNombre,segundoApellido,genero,fNacimiento,domicilio,idPais,telefono,email) VALUES ('1527755419','Laura','Zambrano',' Magdalena',' Carrasco','Femenino','1988-12-02','987 Avenida Orquídea, Corozal','BZ','300673336','LauraZambrano@correo.com' );
INSERT INTO public.paciente (DNI,primerNombre,primerApellido,segundoNombre,segundoApellido,genero,fNacimiento,domicilio,idPais,telefono,email) VALUES ('1410323695','Valeria','Paredes',' María',' Ponce','Femenino','1964-09-27','234 Calle Brisas del Mar, Orange Walk','BZ','308997734','ValeriaParedes@correo.com' );
INSERT INTO public.paciente (DNI,primerNombre,primerApellido,segundoNombre,segundoApellido,genero,fNacimiento,domicilio,idPais,telefono,email) VALUES ('1415270350','Paola','Corona',' Johana',' Márquez','Femenino','1965-10-11','567 Avenida Colibrí, Caye Caulker','BZ','305593521','PaolaCorona@outlook.es' );
INSERT INTO public.paciente (DNI,primerNombre,primerApellido,segundoNombre,segundoApellido,genero,fNacimiento,domicilio,idPais,telefono,email) VALUES ('1077713662','Graciela','Cano',' Olga',' Rodríguez','Femenino','1997-12-11','890 Calle Manglares, Placencia','BZ','315741515','GracielaCano@outlook.com' );
INSERT INTO public.paciente (DNI,primerNombre,primerApellido,segundoNombre,segundoApellido,genero,fNacimiento,domicilio,idPais,telefono,email) VALUES ('1017782264','María','Mata',' Isabel',' Cabrera','Femenino','1989-05-10','123 Avenida Cielo, Belmopán','BZ','300775726','MaríaMata@gmail.com' );
INSERT INTO public.paciente (DNI,primerNombre,primerApellido,segundoNombre,segundoApellido,genero,fNacimiento,domicilio,idPais,telefono,email) VALUES ('1322525398','Lucía','Mendoza',' Selena',' Márquez','Femenino','1963-11-26','456 Calle Caoba, San Ignacio','BZ','310271762','LucíaMendoza@outlook.com' );
INSERT INTO public.paciente (DNI,primerNombre,primerApellido,segundoNombre,segundoApellido,genero,fNacimiento,domicilio,idPais,telefono,email) VALUES ('1415056218','María','Cabrera',' Luz',' Quintero','Femenino','1989-02-01','789 Avenida Mangle, Benque Viejo del Carmen','BZ','300124568','MaríaCabrera@correo.com' );
INSERT INTO public.paciente (DNI,primerNombre,primerApellido,segundoNombre,segundoApellido,genero,fNacimiento,domicilio,idPais,telefono,email) VALUES ('1093815341','Claudia','Miranda',' Johana',' Mendoza','Femenino','1955-03-22','321 Calle Almendra, Hopkins','BZ','300806834','ClaudiaMiranda@outlook.es' );
INSERT INTO public.paciente (DNI,primerNombre,primerApellido,segundoNombre,segundoApellido,genero,fNacimiento,domicilio,idPais,telefono,email) VALUES ('1613762478','Lucía','Vázquez',' Carolina',' Martín','Femenino','1996-08-13','654 Avenida Rana, Cayo District','BZ','300780584','LucíaVázquez@outlook.com' );
INSERT INTO public.paciente (DNI,primerNombre,primerApellido,segundoNombre,segundoApellido,genero,fNacimiento,domicilio,idPais,telefono,email) VALUES ('1061022817','Zoe','Delgado',' Margarita',' Pérez','Femenino','1997-01-20','987 Calle Marañón, Dangriga','BZ','310723026','ZoeDelgado@gmail.com' );
INSERT INTO public.paciente (DNI,primerNombre,primerApellido,segundoNombre,segundoApellido,genero,fNacimiento,domicilio,idPais,telefono,email) VALUES ('1189150970','Carmen','Mendoza',' Catalina',' Lara','Femenino','1994-10-28','234 Avenida Cañaveral, Punta Gorda','BZ','300692537','CarmenMendoza@outlook.es' );
INSERT INTO public.paciente (DNI,primerNombre,primerApellido,segundoNombre,segundoApellido,genero,fNacimiento,domicilio,idPais,telefono,email) VALUES ('1396914034','Mónica','Pizarro',' Graciela',' Castañeda','Femenino','1998-05-05','567 Calle Estuario, Belize City','BZ','301575538','MónicaPizarro@correo.com' );
INSERT INTO public.paciente (DNI,primerNombre,primerApellido,segundoNombre,segundoApellido,genero,fNacimiento,domicilio,idPais,telefono,email) VALUES ('1288877835','Rocío','Olivares',' Selena',' Mata','Femenino','1991-11-13','890 Avenida Solitaria, Corozal','BZ','300943166','RocíoOlivares@outlook.es' );
INSERT INTO public.paciente (DNI,primerNombre,primerApellido,segundoNombre,segundoApellido,genero,fNacimiento,domicilio,idPais,telefono,email) VALUES ('1499598180','Beatriz','Hernández',' Valeria',' Hernández','Femenino','1974-06-06','123 Calle Oasis, Orange Walk','BZ','315010820','BeatrizHernández@outlook.es' );
INSERT INTO public.paciente (DNI,primerNombre,primerApellido,segundoNombre,segundoApellido,genero,fNacimiento,domicilio,idPais,telefono,email) VALUES ('1367486772','Adriana','Muñoz',' Mónica',' Gallego','Femenino','1973-03-12','456 Avenida Océano, Caye Caulker','BZ','300440766','AdrianaMuñoz@gmail.com' );
INSERT INTO public.paciente (DNI,primerNombre,primerApellido,segundoNombre,segundoApellido,genero,fNacimiento,domicilio,idPais,telefono,email) VALUES ('1776555706','Isabel','López',' Berta',' Reyes','Femenino','1982-12-09','789 Calle Ciénaga, Placencia','BZ','301652398','IsabelLópez@outlook.es' );
INSERT INTO public.paciente (DNI,primerNombre,primerApellido,segundoNombre,segundoApellido,genero,fNacimiento,domicilio,idPais,telefono,email) VALUES ('1833873965','Rocio','Zambrano',' Margarita',' Suárez','Femenino','1955-02-12','321 Avenida Playón, Belmopán','BZ','301516110','RocioZambrano@outlook.es' );
INSERT INTO public.paciente (DNI,primerNombre,primerApellido,segundoNombre,segundoApellido,genero,fNacimiento,domicilio,idPais,telefono,email) VALUES ('1245218265','Carmen','Olivares',' Sara',' Díaz','Femenino','1986-01-01','654 Calle Pájaros, San Pedro','BZ','301084598','CarmenOlivares@outlook.com' );
INSERT INTO public.paciente (DNI,primerNombre,primerApellido,segundoNombre,segundoApellido,genero,fNacimiento,domicilio,idPais,telefono,email) VALUES ('1235650921','Berta','Salgado',' Ruth',' Campos','Femenino','1996-02-07','987 Avenida Delta, San Ignacio','BZ','301781573','BertaSalgado@hotmail.com' );

INSERT INTO public.paciente (DNI,primerNombre,primerApellido,segundoNombre,segundoApellido,genero,fNacimiento,domicilio,idPais,telefono,email) VALUES ('1190139782','Juan','Ibáñez',' René',' Ríos','Masculino','1976-07-08','123 Calle Sucre, La Paz','BO','301791398','JuanIbáñez@outlook.com' );
INSERT INTO public.paciente (DNI,primerNombre,primerApellido,segundoNombre,segundoApellido,genero,fNacimiento,domicilio,idPais,telefono,email) VALUES ('1410495352','Xavier','Aguirre',' Gigoberto',' Beltrán','Masculino','1953-07-14','456 Avenida Potosí, Cochabamba','BO','315957752','XavierAguirre@hotmail.com' );
INSERT INTO public.paciente (DNI,primerNombre,primerApellido,segundoNombre,segundoApellido,genero,fNacimiento,domicilio,idPais,telefono,email) VALUES ('1327983769','Leonardo','Mesa',' Gael',' Márquez','Masculino','1976-10-24','789 Calle Oruro, Santa Cruz','BO','301273614','LeonardoMesa@outlook.com' );
INSERT INTO public.paciente (DNI,primerNombre,primerApellido,segundoNombre,segundoApellido,genero,fNacimiento,domicilio,idPais,telefono,email) VALUES ('1335215480','Gigoberto','Tovar',' Fausto',' Mendoza','Masculino','1993-11-12','321 Avenida Tarija, Sucre','BO','305992297','GigobertoTovar@gmail.com' );
INSERT INTO public.paciente (DNI,primerNombre,primerApellido,segundoNombre,segundoApellido,genero,fNacimiento,domicilio,idPais,telefono,email) VALUES ('1031601977','Lorenzo','Gallardo',' Luis Alberto',' Santos','Masculino','1987-07-20','654 Calle Beni, Trinidad','BO','300139762','LorenzoGallardo@outlook.com' );
INSERT INTO public.paciente (DNI,primerNombre,primerApellido,segundoNombre,segundoApellido,genero,fNacimiento,domicilio,idPais,telefono,email) VALUES ('1574242588','Iván','Bustamante',' Martín',' Suárez','Masculino','1989-06-23','987 Avenida Pando, Cobija','BO','308184605','IvánBustamante@outlook.es' );
INSERT INTO public.paciente (DNI,primerNombre,primerApellido,segundoNombre,segundoApellido,genero,fNacimiento,domicilio,idPais,telefono,email) VALUES ('1889206989','Isaac','Soto',' Emilio',' Fuentes','Masculino','1971-08-05','234 Calle Chuquisaca, Oruro','BO','300958281','IsaacSoto@outlook.es' );
INSERT INTO public.paciente (DNI,primerNombre,primerApellido,segundoNombre,segundoApellido,genero,fNacimiento,domicilio,idPais,telefono,email) VALUES ('1942530518','Federico','Miranda',' Rafael',' Núñez','Masculino','1987-07-13','567 Avenida Cochabamba, Montero','BO','308933674','FedericoMiranda@hotmail.com' );
INSERT INTO public.paciente (DNI,primerNombre,primerApellido,segundoNombre,segundoApellido,genero,fNacimiento,domicilio,idPais,telefono,email) VALUES ('1012375274','Felix','Pérez',' José Luis',' Carrasco','Masculino','1994-04-24','890 Calle Quillacollo, Quillacollo','BO','300388771','FelixPérez@gmail.com' );
INSERT INTO public.paciente (DNI,primerNombre,primerApellido,segundoNombre,segundoApellido,genero,fNacimiento,domicilio,idPais,telefono,email) VALUES ('1529993914','Gigoberto','Cabrera',' Yahir',' Iglesias','Masculino','1988-09-27','123 Avenida Sacaba, Sacaba','BO','300990797','GigobertoCabrera@correo.com' );
INSERT INTO public.paciente (DNI,primerNombre,primerApellido,segundoNombre,segundoApellido,genero,fNacimiento,domicilio,idPais,telefono,email) VALUES ('1544480252','Walter','Morales',' Gigoberto',' Iglesias','Masculino','1996-10-16','456 Calle Riberalta, Riberalta','BO','301055835','WalterMorales@gmail.com' );
INSERT INTO public.paciente (DNI,primerNombre,primerApellido,segundoNombre,segundoApellido,genero,fNacimiento,domicilio,idPais,telefono,email) VALUES ('1872431359','Óscar','Guillén',' Óscar',' Ruiz','Masculino','1975-08-10','789 Avenida Yacuiba, Yacuiba','BO','300626510','ÓscarGuillén@hotmail.com' );
INSERT INTO public.paciente (DNI,primerNombre,primerApellido,segundoNombre,segundoApellido,genero,fNacimiento,domicilio,idPais,telefono,email) VALUES ('1813860472','Alberto','Delgado',' Jerónimo',' Fernández','Masculino','1988-03-05','321 Calle Camiri, Camiri','BO','315460473','AlbertoDelgado@hotmail.com' );
INSERT INTO public.paciente (DNI,primerNombre,primerApellido,segundoNombre,segundoApellido,genero,fNacimiento,domicilio,idPais,telefono,email) VALUES ('1709482354','Gustavo','Vázquez',' Antonio',' Moreno','Masculino','1970-09-21','654 Avenida Villazón, Villazón','BO','301966122','GustavoVázquez@gmail.com' );
INSERT INTO public.paciente (DNI,primerNombre,primerApellido,segundoNombre,segundoApellido,genero,fNacimiento,domicilio,idPais,telefono,email) VALUES ('1760959759','Dante','Martín',' Kevin',' Vega','Masculino','1983-01-27','987 Calle Warnes, Warnes','BO','300448184','DanteMartín@outlook.com' );
INSERT INTO public.paciente (DNI,primerNombre,primerApellido,segundoNombre,segundoApellido,genero,fNacimiento,domicilio,idPais,telefono,email) VALUES ('1824469609','Hugo','Garrido',' Eugenio',' Quintero','Masculino','1965-10-18','234 Avenida Bermejo, Bermejo','BO','301925684','HugoGarrido@gmail.com' );
INSERT INTO public.paciente (DNI,primerNombre,primerApellido,segundoNombre,segundoApellido,genero,fNacimiento,domicilio,idPais,telefono,email) VALUES ('1257051793','Vicente','Zambrano',' Saúl',' Marín','Masculino','1973-07-08','567 Calle Montero, Montero','BO','321596030','VicenteZambrano@gmail.com' );
INSERT INTO public.paciente (DNI,primerNombre,primerApellido,segundoNombre,segundoApellido,genero,fNacimiento,domicilio,idPais,telefono,email) VALUES ('1328897893','Pablo','Palacios',' Roberto',' Moreno','Masculino','1977-08-10','890 Avenida Colcapirhua, Colcapirhua','BO','300141887','PabloPalacios@gmail.com' );
INSERT INTO public.paciente (DNI,primerNombre,primerApellido,segundoNombre,segundoApellido,genero,fNacimiento,domicilio,idPais,telefono,email) VALUES ('1202717093','Antonio','Garrido',' César',' Calvo','Masculino','1989-12-07','123 Calle Punata, Punata','BO','315539177','AntonioGarrido@outlook.com' );
INSERT INTO public.paciente (DNI,primerNombre,primerApellido,segundoNombre,segundoApellido,genero,fNacimiento,domicilio,idPais,telefono,email) VALUES ('1465468528','Noé','Jiménez',' Yahir',' Bautista','Masculino','1968-02-17','456 Avenida Caranavi, Caranavi','BO','305726395','NoéJiménez@correo.com' );
INSERT INTO public.paciente (DNI,primerNombre,primerApellido,segundoNombre,segundoApellido,genero,fNacimiento,domicilio,idPais,telefono,email) VALUES ('1007627440','Arturo','Zambrano',' Pedro',' Bustamante','Masculino','1961-02-09','789 Calle Tupiza, Tupiza','BO','321880382','ArturoZambrano@hotmail.com' );
INSERT INTO public.paciente (DNI,primerNombre,primerApellido,segundoNombre,segundoApellido,genero,fNacimiento,domicilio,idPais,telefono,email) VALUES ('1416335308','Diego','Serrano',' Alfredo',' Iglesias','Masculino','1987-08-08','321 Avenida Sacaba, Sacaba','BO','301946151','DiegoSerrano@correo.com' );
INSERT INTO public.paciente (DNI,primerNombre,primerApellido,segundoNombre,segundoApellido,genero,fNacimiento,domicilio,idPais,telefono,email) VALUES ('1804277535','Arturo','Cano',' Jerónimo',' Molina','Masculino','1969-02-16','654 Calle Vallegrande, Vallegrande','BO','300467685','ArturoCano@gmail.com' );
INSERT INTO public.paciente (DNI,primerNombre,primerApellido,segundoNombre,segundoApellido,genero,fNacimiento,domicilio,idPais,telefono,email) VALUES ('1409701233','Gilberto','Martín',' Gael',' Olivares','Masculino','1963-07-15','987 Avenida Aiquile, Aiquile','BO','300906776','GilbertoMartín@outlook.es' );
INSERT INTO public.paciente (DNI,primerNombre,primerApellido,segundoNombre,segundoApellido,genero,fNacimiento,domicilio,idPais,telefono,email) VALUES ('1534015670','Gilberto','Campos',' Jorge',' Lara','Masculino','1995-11-04','234 Calle Chimore, Chimore','BO','300764551','GilbertoCampos@gmail.com' );
INSERT INTO public.paciente (DNI,primerNombre,primerApellido,segundoNombre,segundoApellido,genero,fNacimiento,domicilio,idPais,telefono,email) VALUES ('1744353019','Ramón','Márquez',' Francisco',' Iglesias','Masculino','1993-04-25','567 Avenida Cliza, Cliza','BO','300769852','RamónMárquez@correo.com' );
INSERT INTO public.paciente (DNI,primerNombre,primerApellido,segundoNombre,segundoApellido,genero,fNacimiento,domicilio,idPais,telefono,email) VALUES ('1321691888','Rafael','Salas',' Abraham',' Alonso','Masculino','1980-11-19','890 Calle Cotoca, Cotoca','BO','300649187','RafaelSalas@gmail.com' );
INSERT INTO public.paciente (DNI,primerNombre,primerApellido,segundoNombre,segundoApellido,genero,fNacimiento,domicilio,idPais,telefono,email) VALUES ('1741627085','Emilio','Morales',' Alfredo',' Hidalgo','Masculino','1988-05-06','123 Avenida Charagua, Charagua','BO','300991720','EmilioMorales@gmail.com' );
INSERT INTO public.paciente (DNI,primerNombre,primerApellido,segundoNombre,segundoApellido,genero,fNacimiento,domicilio,idPais,telefono,email) VALUES ('1250480588','Alberto','Carrasco',' Liam',' Aguirre','Masculino','1992-01-01','456 Calle San Ignacio de Moxos, San Ignacio de Moxos','BO','300988916','AlbertoCarrasco@outlook.es' );
INSERT INTO public.paciente (DNI,primerNombre,primerApellido,segundoNombre,segundoApellido,genero,fNacimiento,domicilio,idPais,telefono,email) VALUES ('1449899686','Abel','Castro',' Arturo',' Palacios','Masculino','1991-09-24','789 Avenida San Borja, San Borja','BO','310429365','AbelCastro@outlook.es' );
INSERT INTO public.paciente (DNI,primerNombre,primerApellido,segundoNombre,segundoApellido,genero,fNacimiento,domicilio,idPais,telefono,email) VALUES ('1337258598','Kevin','Soto',' Fernando',' González','Masculino','1960-05-21','321 Calle Sipe Sipe, Sipe Sipe','BO','300189744','KevinSoto@correo.com' );
INSERT INTO public.paciente (DNI,primerNombre,primerApellido,segundoNombre,segundoApellido,genero,fNacimiento,domicilio,idPais,telefono,email) VALUES ('1577442248','Antonio','Fuentes',' Tomás',' Ramos','Masculino','1993-07-20','654 Avenida San Julián, San Julián','BO','308387224','AntonioFuentes@hotmail.com' );
INSERT INTO public.paciente (DNI,primerNombre,primerApellido,segundoNombre,segundoApellido,genero,fNacimiento,domicilio,idPais,telefono,email) VALUES ('1335536809','Estela','Hidalgo',' Yolanda',' Delgado','Femenino','1998-10-17','987 Calle San Matías, San Matías','BO','315128911','EstelaHidalgo@correo.com' );
INSERT INTO public.paciente (DNI,primerNombre,primerApellido,segundoNombre,segundoApellido,genero,fNacimiento,domicilio,idPais,telefono,email) VALUES ('1016560588','Carolina','Martínez',' Margarita',' Tovar','Femenino','1966-08-20','234 Avenida San Ramón, San Ramón','BO','300599252','CarolinaMartínez@hotmail.com' );
INSERT INTO public.paciente (DNI,primerNombre,primerApellido,segundoNombre,segundoApellido,genero,fNacimiento,domicilio,idPais,telefono,email) VALUES ('1453521135','Camila','Aguilar',' Sara',' Navarrete','Femenino','1994-07-04','567 Calle Santiváñez, Santiváñez','BO','300069832','CamilaAguilar@hotmail.com' );
INSERT INTO public.paciente (DNI,primerNombre,primerApellido,segundoNombre,segundoApellido,genero,fNacimiento,domicilio,idPais,telefono,email) VALUES ('1616955998','Julia','Duran',' Paola',' Cabrera','Femenino','1985-10-18','890 Avenida Santiago de Huata, Santiago de Huata','BO','301076564','JuliaDuran@outlook.com' );
INSERT INTO public.paciente (DNI,primerNombre,primerApellido,segundoNombre,segundoApellido,genero,fNacimiento,domicilio,idPais,telefono,email) VALUES ('1194053340','Julieta','Romero',' Yolanda',' Rodríguez','Femenino','1991-09-05','123 Calle Santiago de Machaca, Santiago de Machaca','BO','308616318','JulietaRomero@hotmail.com' );
INSERT INTO public.paciente (DNI,primerNombre,primerApellido,segundoNombre,segundoApellido,genero,fNacimiento,domicilio,idPais,telefono,email) VALUES ('1731738771','Emilia','Vázquez',' Isabel',' Roldán','Femenino','1964-04-04','456 Avenida Santiago de Okola, Santiago de Okola','BO','301336617','EmiliaVázquez@hotmail.com' );
INSERT INTO public.paciente (DNI,primerNombre,primerApellido,segundoNombre,segundoApellido,genero,fNacimiento,domicilio,idPais,telefono,email) VALUES ('1480651862','Rosa','Molina',' Renata',' Jiménez','Femenino','1992-05-21','789 Calle Sapahaqui, Sapahaqui','BO','300136231','RosaMolina@outlook.es' );
INSERT INTO public.paciente (DNI,primerNombre,primerApellido,segundoNombre,segundoApellido,genero,fNacimiento,domicilio,idPais,telefono,email) VALUES ('1133548329','Berta','Rubio',' Silvia',' Fuentes','Femenino','1956-11-06','321 Avenida Saipina, Saipina','BO','301931067','BertaRubio@correo.com' );
INSERT INTO public.paciente (DNI,primerNombre,primerApellido,segundoNombre,segundoApellido,genero,fNacimiento,domicilio,idPais,telefono,email) VALUES ('1153755836','Eva','Suárez',' Lucía',' Olivares','Femenino','1952-11-26','654 Calle Salinas de Garcí Mendoza, Salinas de Garcí Mendoza','BO','310296332','EvaSuárez@correo.com' );
INSERT INTO public.paciente (DNI,primerNombre,primerApellido,segundoNombre,segundoApellido,genero,fNacimiento,domicilio,idPais,telefono,email) VALUES ('1890601995','Isabel','Guerrero',' Elena',' Muñoz','Femenino','1963-12-11','987 Avenida San Juan del Oro, San Juan del Oro','BO','300631290','IsabelGuerrero@outlook.com' );
INSERT INTO public.paciente (DNI,primerNombre,primerApellido,segundoNombre,segundoApellido,genero,fNacimiento,domicilio,idPais,telefono,email) VALUES ('1197215667','Dolores','Mata',' Ana',' Lorenzo','Femenino','1996-05-15','234 Calle San Pedro de Quemes, San Pedro de Quemes','BO','300564314','DoloresMata@outlook.es' );
INSERT INTO public.paciente (DNI,primerNombre,primerApellido,segundoNombre,segundoApellido,genero,fNacimiento,domicilio,idPais,telefono,email) VALUES ('1250233821','Rita','Martínez',' Alicia',' Quintero','Femenino','1985-12-11','567 Avenida San Pedro de Totora, San Pedro de Totora','BO','300393360','RitaMartínez@outlook.es' );
INSERT INTO public.paciente (DNI,primerNombre,primerApellido,segundoNombre,segundoApellido,genero,fNacimiento,domicilio,idPais,telefono,email) VALUES ('1063237619','Renata','Corona',' Juana',' Navarro','Femenino','1963-04-23','890 Calle Santa Ana de Velasco, Santa Ana de Velasco','BO','301956306','RenataCorona@outlook.com' );
INSERT INTO public.paciente (DNI,primerNombre,primerApellido,segundoNombre,segundoApellido,genero,fNacimiento,domicilio,idPais,telefono,email) VALUES ('1748738981','Teresa','Quintero',' Johana',' Zambrano','Femenino','1981-09-12','123 Avenida Santa Cruz de la Sierra, Santa Cruz de la Sierra','BO','300981641','TeresaQuintero@outlook.com' );
INSERT INTO public.paciente (DNI,primerNombre,primerApellido,segundoNombre,segundoApellido,genero,fNacimiento,domicilio,idPais,telefono,email) VALUES ('1546335654','Zoe','Delgado',' Marina',' Sánchez','Femenino','1998-05-04','456 Calle Santa María de Urmiri, Santa María de Urmiri','BO','310874145','ZoeDelgado@outlook.es' );
INSERT INTO public.paciente (DNI,primerNombre,primerApellido,segundoNombre,segundoApellido,genero,fNacimiento,domicilio,idPais,telefono,email) VALUES ('1392778114','Beatriz','Blanco',' Ximena',' Guillén','Femenino','1979-03-20','789 Avenida Santiago de Tucumán, Santiago de Tucumán','BO','301959527','BeatrizBlanco@hotmail.com' );
INSERT INTO public.paciente (DNI,primerNombre,primerApellido,segundoNombre,segundoApellido,genero,fNacimiento,domicilio,idPais,telefono,email) VALUES ('1228447048','Esther','Ortega',' Gabriela',' Martín','Femenino','1989-08-27','321 Calle San José de Chiquitos, San José de Chiquitos','BO','300259691','EstherOrtega@gmail.com' );
INSERT INTO public.paciente (DNI,primerNombre,primerApellido,segundoNombre,segundoApellido,genero,fNacimiento,domicilio,idPais,telefono,email) VALUES ('1423674336','Mónica','Alonso',' Aurora',' Reyes','Femenino','1953-04-20','654 Avenida San Javier, San Javier','BO','300325050','MónicaAlonso@outlook.com' );
INSERT INTO public.paciente (DNI,primerNombre,primerApellido,segundoNombre,segundoApellido,genero,fNacimiento,domicilio,idPais,telefono,email) VALUES ('1882788327','Magdalena','Ponce',' Yolanda',' González','Femenino','1986-08-14','987 Calle San Lucas, San Lucas','BO','300390460','MagdalenaPonce@correo.com' );
INSERT INTO public.paciente (DNI,primerNombre,primerApellido,segundoNombre,segundoApellido,genero,fNacimiento,domicilio,idPais,telefono,email) VALUES ('1190865164','Isabel','Ponce',' Graciela',' Tovar','Femenino','1981-09-10','234 Avenida San Miguel, San Miguel','BO','308228712','IsabelPonce@correo.com' );
INSERT INTO public.paciente (DNI,primerNombre,primerApellido,segundoNombre,segundoApellido,genero,fNacimiento,domicilio,idPais,telefono,email) VALUES ('1948895735','Silvia','Mendoza',' Laura',' Hidalgo','Femenino','1986-02-19','567 Calle San Pablo de Lípez, San Pablo de Lípez','BO','301611368','SilviaMendoza@hotmail.com' );
INSERT INTO public.paciente (DNI,primerNombre,primerApellido,segundoNombre,segundoApellido,genero,fNacimiento,domicilio,idPais,telefono,email) VALUES ('1081540588','Marcela','Mendoza',' Paola',' Lorenzo','Femenino','1989-02-06','890 Avenida San Pedro de Buenavista, San Pedro de Buenavista','BO','301627690','MarcelaMendoza@correo.com' );
INSERT INTO public.paciente (DNI,primerNombre,primerApellido,segundoNombre,segundoApellido,genero,fNacimiento,domicilio,idPais,telefono,email) VALUES ('1515309156','Zoe','Quintero',' Victoria',' Cortés','Femenino','1988-12-24','123 Calle San Rafael, San Rafael','BO','300404365','ZoeQuintero@hotmail.com' );
INSERT INTO public.paciente (DNI,primerNombre,primerApellido,segundoNombre,segundoApellido,genero,fNacimiento,domicilio,idPais,telefono,email) VALUES ('1275542300','Inés','Montes',' Dolores',' Palacios','Femenino','1993-01-26','456 Avenida San Ramón, San Ramón','BO','301156595','InésMontes@outlook.com' );
INSERT INTO public.paciente (DNI,primerNombre,primerApellido,segundoNombre,segundoApellido,genero,fNacimiento,domicilio,idPais,telefono,email) VALUES ('1707762516','Antonia','Aguilar',' Catalina',' Ramírez','Femenino','1969-10-19','789 Calle San Vicente, San Vicente','BO','308253711','AntoniaAguilar@gmail.com' );
INSERT INTO public.paciente (DNI,primerNombre,primerApellido,segundoNombre,segundoApellido,genero,fNacimiento,domicilio,idPais,telefono,email) VALUES ('1942885385','Rosa','Muñoz',' Julieta',' Sánchez','Femenino','1968-02-21','321 Avenida San Ignacio, San Ignacio','BO','300574258','RosaMuñoz@outlook.es' );
INSERT INTO public.paciente (DNI,primerNombre,primerApellido,segundoNombre,segundoApellido,genero,fNacimiento,domicilio,idPais,telefono,email) VALUES ('1001668615','Rita','Paredes',' Valeria',' Montes','Femenino','1973-08-24','654 Calle San Juan del Surutú, San Juan del Surutú','BO','300637556','RitaParedes@outlook.es' );
INSERT INTO public.paciente (DNI,primerNombre,primerApellido,segundoNombre,segundoApellido,genero,fNacimiento,domicilio,idPais,telefono,email) VALUES ('1321832703','Silvia','Cano',' Selena',' Cruzado','Femenino','1970-06-12','987 Avenida San Lorenzo, San Lorenzo','BO','308013589','SilviaCano@outlook.com' );
INSERT INTO public.paciente (DNI,primerNombre,primerApellido,segundoNombre,segundoApellido,genero,fNacimiento,domicilio,idPais,telefono,email) VALUES ('1993474926','Inés','Molina',' Carmen',' Sánchez','Femenino','1963-03-13','234 Calle San Julián de Monteagudo, San Julián de Monteagudo','BO','301934344','InésMolina@gmail.com' );
INSERT INTO public.paciente (DNI,primerNombre,primerApellido,segundoNombre,segundoApellido,genero,fNacimiento,domicilio,idPais,telefono,email) VALUES ('1263514894','Valeria','Herrera',' Susana',' Salas','Femenino','1960-07-17','567 Avenida San Juan de Yapacaní, San Juan de Yapacaní','BO','315374994','ValeriaHerrera@outlook.com' );
INSERT INTO public.paciente (DNI,primerNombre,primerApellido,segundoNombre,segundoApellido,genero,fNacimiento,domicilio,idPais,telefono,email) VALUES ('1725342919','Marina','Navarrete',' Marina',' López','Femenino','1955-04-05','890 Calle San Lucas de Velasco, San Lucas de Velasco','BO','310051394','MarinaNavarrete@correo.com' );
INSERT INTO public.paciente (DNI,primerNombre,primerApellido,segundoNombre,segundoApellido,genero,fNacimiento,domicilio,idPais,telefono,email) VALUES ('1042745964','Antonia','Castañeda',' Miriam',' Vega','Femenino','1964-04-22','123 Avenida San Matías, San Matías','BO','300333859','AntoniaCastañeda@gmail.com' );
INSERT INTO public.paciente (DNI,primerNombre,primerApellido,segundoNombre,segundoApellido,genero,fNacimiento,domicilio,idPais,telefono,email) VALUES ('1384005189','Irma','Quintero',' Valentina',' Vega','Femenino','1972-10-09','456 Calle San Miguel de Velasco, San Miguel de Velasco','BO','300058255','IrmaQuintero@hotmail.com' );
INSERT INTO public.paciente (DNI,primerNombre,primerApellido,segundoNombre,segundoApellido,genero,fNacimiento,domicilio,idPais,telefono,email) VALUES ('1235645939','Yolanda','Zambrano',' Eugenia',' Montes','Femenino','1956-12-01','789 Avenida San Pedro, San Pedro','BO','300707207','YolandaZambrano@hotmail.com' );
INSERT INTO public.paciente (DNI,primerNombre,primerApellido,segundoNombre,segundoApellido,genero,fNacimiento,domicilio,idPais,telefono,email) VALUES ('1801064192','Beatriz','Vázquez',' Valentina',' Benítez','Femenino','1988-11-16','321 Calle San Rafael, San Rafael','BO','300605317','BeatrizVázquez@outlook.es' );
INSERT INTO public.paciente (DNI,primerNombre,primerApellido,segundoNombre,segundoApellido,genero,fNacimiento,domicilio,idPais,telefono,email) VALUES ('1180693658','Lourdes','Jiménez',' Inés',' Paredes','Femenino','1994-10-10','654 Avenida San Ramón, San Ramón','BO','300514593','LourdesJiménez@outlook.com' );
INSERT INTO public.paciente (DNI,primerNombre,primerApellido,segundoNombre,segundoApellido,genero,fNacimiento,domicilio,idPais,telefono,email) VALUES ('1580566772','María','Alvarado',' Angélica',' Díaz','Femenino','1977-03-11','987 Calle San Ignacio, San Ignacio','BO','300665124','MaríaAlvarado@hotmail.com' );
INSERT INTO public.paciente (DNI,primerNombre,primerApellido,segundoNombre,segundoApellido,genero,fNacimiento,domicilio,idPais,telefono,email) VALUES ('1114594192','Gloria','Montes',' Raquel',' Bermúdez','Femenino','1967-12-10','234 Avenida San Julián, San Julián','BO','300329416','GloriaMontes@hotmail.com' );
INSERT INTO public.paciente (DNI,primerNombre,primerApellido,segundoNombre,segundoApellido,genero,fNacimiento,domicilio,idPais,telefono,email) VALUES ('1123350057','Verónica','Beltrán',' Rosa María',' Aguirre','Femenino','1959-05-08','567 Calle San José de Chiquitos, San José de Chiquitos','BO','315761763','VerónicaBeltrán@hotmail.com' );
INSERT INTO public.paciente (DNI,primerNombre,primerApellido,segundoNombre,segundoApellido,genero,fNacimiento,domicilio,idPais,telefono,email) VALUES ('1738497169','Eugenia','Sánchez',' Isabel',' Marín','Femenino','1958-07-20','890 Avenida San Javier, San Javier','BO','300835587','EugeniaSánchez@outlook.es' );
INSERT INTO public.paciente (DNI,primerNombre,primerApellido,segundoNombre,segundoApellido,genero,fNacimiento,domicilio,idPais,telefono,email) VALUES ('1451403526','Cecilia','Miranda',' Marcela',' Reyes','Femenino','1987-05-20','123 Calle San Juan del Surutú, San Juan del Surutú','BO','300342896','CeciliaMiranda@hotmail.com' );
INSERT INTO public.paciente (DNI,primerNombre,primerApellido,segundoNombre,segundoApellido,genero,fNacimiento,domicilio,idPais,telefono,email) VALUES ('1686902977','Johana','Núñez',' Zoe',' Vega','Femenino','1956-09-03','456 Avenida San Lorenzo, San Lorenzo','BO','300100761','JohanaNúñez@correo.com' );
INSERT INTO public.paciente (DNI,primerNombre,primerApellido,segundoNombre,segundoApellido,genero,fNacimiento,domicilio,idPais,telefono,email) VALUES ('1638103838','Yolanda','Alonso',' Elisa',' Ruiz','Femenino','1991-07-02','789 Calle San Lucas de Velasco, San Lucas de Velasco','BO','300337486','YolandaAlonso@hotmail.com' );

INSERT INTO public.paciente (DNI,primerNombre,primerApellido,segundoNombre,segundoApellido,genero,fNacimiento,domicilio,idPais,telefono,email) VALUES ('1759423611','Xavier','Paredes',' Alejandro',' Fajardo','Masculino','1988-07-09','123 Calle Bolívar, Caracas','VE','300215166','XavierParedes@outlook.com' );
INSERT INTO public.paciente (DNI,primerNombre,primerApellido,segundoNombre,segundoApellido,genero,fNacimiento,domicilio,idPais,telefono,email) VALUES ('1015359046','Martín','Cordero',' Hugo',' Blanco','Masculino','1960-06-03','456 Avenida Miranda, Maracaibo','VE','300562889','MartínCordero@gmail.com' );
INSERT INTO public.paciente (DNI,primerNombre,primerApellido,segundoNombre,segundoApellido,genero,fNacimiento,domicilio,idPais,telefono,email) VALUES ('1262886452','Manuel','Cruz',' Liam',' Mesa','Masculino','1997-05-19','789 Calle Sucre, Valencia','VE','300492574','ManuelCruz@outlook.es' );
INSERT INTO public.paciente (DNI,primerNombre,primerApellido,segundoNombre,segundoApellido,genero,fNacimiento,domicilio,idPais,telefono,email) VALUES ('1789779508','Arturo','Cordero',' Oscar',' Alvarado','Masculino','1994-05-09','321 Avenida Zulia, Barquisimeto','VE','300915691','ArturoCordero@gmail.com' );
INSERT INTO public.paciente (DNI,primerNombre,primerApellido,segundoNombre,segundoApellido,genero,fNacimiento,domicilio,idPais,telefono,email) VALUES ('1976902232','Gilberto','Salgado',' Miguel',' Corona','Masculino','1968-03-07','654 Calle Aragua, Maracay','VE','315157431','GilbertoSalgado@outlook.com' );
INSERT INTO public.paciente (DNI,primerNombre,primerApellido,segundoNombre,segundoApellido,genero,fNacimiento,domicilio,idPais,telefono,email) VALUES ('1645113969','Rubén','Salgado',' Héctor',' Pizarro','Masculino','1997-09-21','987 Avenida Táchira, San Cristóbal','VE','300365894','RubénSalgado@outlook.es' );
INSERT INTO public.paciente (DNI,primerNombre,primerApellido,segundoNombre,segundoApellido,genero,fNacimiento,domicilio,idPais,telefono,email) VALUES ('1077127815','Francisco','Garrido',' Isaac',' Rodríguez','Masculino','1999-04-14','234 Calle Mérida, Mérida','VE','315913434','FranciscoGarrido@outlook.com' );
INSERT INTO public.paciente (DNI,primerNombre,primerApellido,segundoNombre,segundoApellido,genero,fNacimiento,domicilio,idPais,telefono,email) VALUES ('1327492741','Ignacio','Alvarado',' Gustavo',' Cordero','Masculino','1967-02-06','567 Avenida Lara, Cabudare','VE','315730288','IgnacioAlvarado@outlook.com' );
INSERT INTO public.paciente (DNI,primerNombre,primerApellido,segundoNombre,segundoApellido,genero,fNacimiento,domicilio,idPais,telefono,email) VALUES ('1428644540','Rubén','Salas',' Fausto',' Carrasco','Masculino','1994-01-06','890 Calle Carabobo, Puerto Cabello','VE','300708715','RubénSalas@outlook.com' );
INSERT INTO public.paciente (DNI,primerNombre,primerApellido,segundoNombre,segundoApellido,genero,fNacimiento,domicilio,idPais,telefono,email) VALUES ('1848741261','Isaac','Ríos',' Alberto',' Cortés','Masculino','1952-03-21','123 Avenida Falcon, Punto Fijo','VE','310738090','IsaacRíos@outlook.com' );
INSERT INTO public.paciente (DNI,primerNombre,primerApellido,segundoNombre,segundoApellido,genero,fNacimiento,domicilio,idPais,telefono,email) VALUES ('1220229996','Bruno','Navarro',' Yahir',' Giménez','Masculino','1981-07-12','456 Calle Guarico, San Juan de los Morros','VE','321998989','BrunoNavarro@hotmail.com' );
INSERT INTO public.paciente (DNI,primerNombre,primerApellido,segundoNombre,segundoApellido,genero,fNacimiento,domicilio,idPais,telefono,email) VALUES ('1831446041','Alberto','Mendoza',' Joel',' Bustamante','Masculino','1966-07-08','789 Avenida Anzoátegui, Barcelona','VE','300254338','AlbertoMendoza@correo.com' );
INSERT INTO public.paciente (DNI,primerNombre,primerApellido,segundoNombre,segundoApellido,genero,fNacimiento,domicilio,idPais,telefono,email) VALUES ('1834787631','Luis','Cruz',' Walter',' Martín','Masculino','1962-08-24','321 Calle Monagas, Maturín','VE','300488866','LuisCruz@correo.com' );
INSERT INTO public.paciente (DNI,primerNombre,primerApellido,segundoNombre,segundoApellido,genero,fNacimiento,domicilio,idPais,telefono,email) VALUES ('1522819739','Joel','Ramos',' Alberto',' Beltrán','Masculino','1956-08-08','654 Avenida Delta Amacuro, Tucupita','VE','300390924','JoelRamos@hotmail.com' );
INSERT INTO public.paciente (DNI,primerNombre,primerApellido,segundoNombre,segundoApellido,genero,fNacimiento,domicilio,idPais,telefono,email) VALUES ('1759757700','Manuel','Ruiz',' Adrián',' Cabrera','Masculino','1986-08-14','987 Calle Amazonas, Puerto Ayacucho','VE','300735482','ManuelRuiz@outlook.com' );
INSERT INTO public.paciente (DNI,primerNombre,primerApellido,segundoNombre,segundoApellido,genero,fNacimiento,domicilio,idPais,telefono,email) VALUES ('1744795978','Javier','Guerrero',' Óscar',' Garrido','Masculino','1986-08-26','234 Avenida Vargas, La Guaira','VE','310041456','JavierGuerrero@gmail.com' );
INSERT INTO public.paciente (DNI,primerNombre,primerApellido,segundoNombre,segundoApellido,genero,fNacimiento,domicilio,idPais,telefono,email) VALUES ('1204555201','Isaac','Salas',' Gigoberto',' Herrero','Masculino','1996-09-21','567 Calle Apure, San Fernando de Apure','VE','315539839','IsaacSalas@outlook.com' );
INSERT INTO public.paciente (DNI,primerNombre,primerApellido,segundoNombre,segundoApellido,genero,fNacimiento,domicilio,idPais,telefono,email) VALUES ('1707496299','Ricardo','Herrero',' Miguel',' Marín','Masculino','1971-03-23','890 Avenida Bolívar, Ciudad Bolívar','VE','300099012','RicardoHerrero@hotmail.com' );
INSERT INTO public.paciente (DNI,primerNombre,primerApellido,segundoNombre,segundoApellido,genero,fNacimiento,domicilio,idPais,telefono,email) VALUES ('1221235457','Quirino','Martínez',' Kevin',' Navarro','Masculino','1971-08-02','123 Calle Cojedes, San Carlos','VE','300475499','QuirinoMartínez@correo.com' );
INSERT INTO public.paciente (DNI,primerNombre,primerApellido,segundoNombre,segundoApellido,genero,fNacimiento,domicilio,idPais,telefono,email) VALUES ('1020500949','Humberto','Moreno',' Pablo',' Blanco','Masculino','1960-03-18','456 Avenida Trujillo, Trujillo','VE','301939532','HumbertoMoreno@hotmail.com' );
INSERT INTO public.paciente (DNI,primerNombre,primerApellido,segundoNombre,segundoApellido,genero,fNacimiento,domicilio,idPais,telefono,email) VALUES ('1375390935','Ángel','Rubio',' Vicente',' Mendoza','Masculino','1958-01-24','789 Calle Yaracuy, San Felipe','VE','315602921','ÁngelRubio@hotmail.com' );
INSERT INTO public.paciente (DNI,primerNombre,primerApellido,segundoNombre,segundoApellido,genero,fNacimiento,domicilio,idPais,telefono,email) VALUES ('1721004929','Ricardo','Cruz',' Víctor',' Aragón','Masculino','1968-11-01','321 Avenida Portuguesa, Guanare','VE','301926949','RicardoCruz@gmail.com' );
INSERT INTO public.paciente (DNI,primerNombre,primerApellido,segundoNombre,segundoApellido,genero,fNacimiento,domicilio,idPais,telefono,email) VALUES ('1148758999','Rubén','Gómez',' Martín',' Márquez','Masculino','1986-02-09','654 Calle Barinas, Barinas','VE','300496579','RubénGómez@outlook.com' );
INSERT INTO public.paciente (DNI,primerNombre,primerApellido,segundoNombre,segundoApellido,genero,fNacimiento,domicilio,idPais,telefono,email) VALUES ('1194566196','Hugo','Bautista',' Alberto',' Cano','Masculino','1956-11-14','987 Avenida Monagas, Maturín','VE','300921101','HugoBautista@outlook.es' );
INSERT INTO public.paciente (DNI,primerNombre,primerApellido,segundoNombre,segundoApellido,genero,fNacimiento,domicilio,idPais,telefono,email) VALUES ('1983688632','Ángel','Miranda',' Manuel',' Corona','Masculino','1959-10-05','234 Calle Delta Amacuro, Tucupita','VE','308133536','ÁngelMiranda@outlook.es' );
INSERT INTO public.paciente (DNI,primerNombre,primerApellido,segundoNombre,segundoApellido,genero,fNacimiento,domicilio,idPais,telefono,email) VALUES ('1971244460','Humberto','Lara',' Israel',' Serrano','Masculino','1997-03-05','567 Avenida Aragua, Maracay','VE','300404941','HumbertoLara@gmail.com' );
INSERT INTO public.paciente (DNI,primerNombre,primerApellido,segundoNombre,segundoApellido,genero,fNacimiento,domicilio,idPais,telefono,email) VALUES ('1096871911','Felix','Beltrán',' Víctor',' Beltrán','Masculino','1980-12-03','890 Calle Carabobo, Valencia','VE','321563635','FelixBeltrán@gmail.com' );
INSERT INTO public.paciente (DNI,primerNombre,primerApellido,segundoNombre,segundoApellido,genero,fNacimiento,domicilio,idPais,telefono,email) VALUES ('1084976244','Dante','Beltrán',' Ramón',' Alonso','Masculino','1989-03-23','123 Avenida Lara, Barquisimeto','VE','315532147','DanteBeltrán@outlook.es' );
INSERT INTO public.paciente (DNI,primerNombre,primerApellido,segundoNombre,segundoApellido,genero,fNacimiento,domicilio,idPais,telefono,email) VALUES ('1516078635','Alejandro','Garrido',' Iker',' Ibáñez','Masculino','1958-09-05','456 Calle Zulia, Maracaibo','VE','301154205','AlejandroGarrido@gmail.com' );
INSERT INTO public.paciente (DNI,primerNombre,primerApellido,segundoNombre,segundoApellido,genero,fNacimiento,domicilio,idPais,telefono,email) VALUES ('1764437112','Antonio','Díaz',' Fernando',' Mesa','Masculino','1985-11-21','789 Avenida Miranda, Caracas','VE','310754968','AntonioDíaz@outlook.es' );
INSERT INTO public.paciente (DNI,primerNombre,primerApellido,segundoNombre,segundoApellido,genero,fNacimiento,domicilio,idPais,telefono,email) VALUES ('1636483617','Jorge','Reyes',' Gustavo',' Navarrete','Masculino','1968-06-14','321 Calle Sucre, San Cristóbal','VE','308729878','JorgeReyes@correo.com' );
INSERT INTO public.paciente (DNI,primerNombre,primerApellido,segundoNombre,segundoApellido,genero,fNacimiento,domicilio,idPais,telefono,email) VALUES ('1905265217','Héctor','López',' Abel',' Blanco','Masculino','1985-11-16','654 Avenida Táchira, Mérida','VE','300980143','HéctorLópez@correo.com' );
INSERT INTO public.paciente (DNI,primerNombre,primerApellido,segundoNombre,segundoApellido,genero,fNacimiento,domicilio,idPais,telefono,email) VALUES ('1656292777','Felix','Ramírez',' Luis Alberto',' Ibáñez','Masculino','1992-01-13','987 Calle Mérida, Mérida','VE','315803528','FelixRamírez@outlook.es' );
INSERT INTO public.paciente (DNI,primerNombre,primerApellido,segundoNombre,segundoApellido,genero,fNacimiento,domicilio,idPais,telefono,email) VALUES ('1549743506','Abel','Blanco',' Javier',' Ibáñez','Masculino','1984-12-23','234 Avenida Bolívar, Caracas','VE','305023212','AbelBlanco@correo.com' );
INSERT INTO public.paciente (DNI,primerNombre,primerApellido,segundoNombre,segundoApellido,genero,fNacimiento,domicilio,idPais,telefono,email) VALUES ('1697035716','Kevin','Mata',' Jerónimo',' Duran','Masculino','1998-02-09','567 Calle Delta Amacuro, Tucupita','VE','300244837','KevinMata@outlook.es' );
INSERT INTO public.paciente (DNI,primerNombre,primerApellido,segundoNombre,segundoApellido,genero,fNacimiento,domicilio,idPais,telefono,email) VALUES ('1395750229','Antonio','Mata',' Hugo',' Beltrán','Masculino','1966-11-17','890 Avenida Vargas, La Guaira','VE','315291142','AntonioMata@hotmail.com' );
INSERT INTO public.paciente (DNI,primerNombre,primerApellido,segundoNombre,segundoApellido,genero,fNacimiento,domicilio,idPais,telefono,email) VALUES ('1939947408','Fernando','Sánchez',' Iván',' Prieto','Masculino','1989-06-25','123 Calle Amazonas, Puerto Ayacucho','VE','321047128','FernandoSánchez@outlook.com' );
INSERT INTO public.paciente (DNI,primerNombre,primerApellido,segundoNombre,segundoApellido,genero,fNacimiento,domicilio,idPais,telefono,email) VALUES ('1025263215','Jerónimo','Beltrán',' Kevin',' Iglesias','Masculino','1987-07-28','456 Avenida Anzoátegui, Barcelona','VE','315376507','JerónimoBeltrán@outlook.com' );
INSERT INTO public.paciente (DNI,primerNombre,primerApellido,segundoNombre,segundoApellido,genero,fNacimiento,domicilio,idPais,telefono,email) VALUES ('1258795236','Carlos','Mendoza',' Luis',' Cabrera','Masculino','1953-10-18','789 Calle Guarico, San Juan de los Morros','VE','321485661','CarlosMendoza@outlook.com' );
INSERT INTO public.paciente (DNI,primerNombre,primerApellido,segundoNombre,segundoApellido,genero,fNacimiento,domicilio,idPais,telefono,email) VALUES ('1650255446','Iván','Ramos',' Israel',' Moreno','Masculino','1979-11-22','321 Avenida Falcon, Punto Fijo','VE','301400516','IvánRamos@gmail.com' );
INSERT INTO public.paciente (DNI,primerNombre,primerApellido,segundoNombre,segundoApellido,genero,fNacimiento,domicilio,idPais,telefono,email) VALUES ('1279605377','Martín','Benítez',' Joaquín',' Hernández','Masculino','1989-03-20','654 Calle Carabobo, Puerto Cabello','VE','301183958','MartínBenítez@correo.com' );
INSERT INTO public.paciente (DNI,primerNombre,primerApellido,segundoNombre,segundoApellido,genero,fNacimiento,domicilio,idPais,telefono,email) VALUES ('1381474778','Fausto','Ramírez',' Alejandro',' Herrera','Masculino','1954-10-05','987 Avenida Lara, Cabudare','VE','301757695','FaustoRamírez@outlook.com' );
INSERT INTO public.paciente (DNI,primerNombre,primerApellido,segundoNombre,segundoApellido,genero,fNacimiento,domicilio,idPais,telefono,email) VALUES ('1025684567','Mario','Lorenzo',' Tomás',' Aguirre','Masculino','1963-03-20','234 Calle Aragua, Maracay','VE','300127198','MarioLorenzo@correo.com' );
INSERT INTO public.paciente (DNI,primerNombre,primerApellido,segundoNombre,segundoApellido,genero,fNacimiento,domicilio,idPais,telefono,email) VALUES ('1413569584','Abel','Palacios',' Facundo',' Morales','Masculino','1981-11-18','567 Avenida Zulia, Maracaibo','VE','300752160','AbelPalacios@outlook.es' );
INSERT INTO public.paciente (DNI,primerNombre,primerApellido,segundoNombre,segundoApellido,genero,fNacimiento,domicilio,idPais,telefono,email) VALUES ('1098673634','Mario','Bautista',' Walter',' Miranda','Masculino','1969-01-23','890 Calle Miranda, Caracas','VE','300963205','MarioBautista@outlook.es' );
INSERT INTO public.paciente (DNI,primerNombre,primerApellido,segundoNombre,segundoApellido,genero,fNacimiento,domicilio,idPais,telefono,email) VALUES ('1168624409','Rocío','Bermúdez',' Eva',' Tovar','Femenino','1971-09-07','123 Avenida Trujillo, Trujillo','VE','300087535','RocíoBermúdez@outlook.es' );
INSERT INTO public.paciente (DNI,primerNombre,primerApellido,segundoNombre,segundoApellido,genero,fNacimiento,domicilio,idPais,telefono,email) VALUES ('1382162284','Elena','Cordero',' Rosa',' Delgado','Femenino','1977-03-01','456 Calle Portuguesa, Guanare','VE','300917657','ElenaCordero@correo.com' );
INSERT INTO public.paciente (DNI,primerNombre,primerApellido,segundoNombre,segundoApellido,genero,fNacimiento,domicilio,idPais,telefono,email) VALUES ('1917397553','Rosa María','Salgado',' Catalina',' Rubio','Femenino','1962-03-08','789 Avenida Yaracuy, San Felipe','VE','300290807','Rosa MaríaSalgado@gmail.com' );
INSERT INTO public.paciente (DNI,primerNombre,primerApellido,segundoNombre,segundoApellido,genero,fNacimiento,domicilio,idPais,telefono,email) VALUES ('1558004324','Alicia','Fernández',' Graciela',' Martínez','Femenino','1960-10-07','321 Calle Barinas, Barinas','VE','300557272','AliciaFernández@outlook.es' );
INSERT INTO public.paciente (DNI,primerNombre,primerApellido,segundoNombre,segundoApellido,genero,fNacimiento,domicilio,idPais,telefono,email) VALUES ('1835892801','Ana','Ramírez',' Luz',' Cano','Femenino','1981-05-02','654 Avenida Cojedes, San Carlos','VE','300850769','AnaRamírez@gmail.com' );
INSERT INTO public.paciente (DNI,primerNombre,primerApellido,segundoNombre,segundoApellido,genero,fNacimiento,domicilio,idPais,telefono,email) VALUES ('1253899754','Graciela','Santos',' Johana',' Navarrete','Femenino','1992-01-02','987 Calle Delta Amacuro, Tucupita','VE','315939152','GracielaSantos@gmail.com' );
INSERT INTO public.paciente (DNI,primerNombre,primerApellido,segundoNombre,segundoApellido,genero,fNacimiento,domicilio,idPais,telefono,email) VALUES ('1998699468','Ruth','Prieto',' Rosa María',' López','Femenino','1995-09-24','234 Avenida Apure, San Fernando de Apure','VE','300607600','RuthPrieto@hotmail.com' );
INSERT INTO public.paciente (DNI,primerNombre,primerApellido,segundoNombre,segundoApellido,genero,fNacimiento,domicilio,idPais,telefono,email) VALUES ('1391211732','Magdalena','Romero',' Sara',' Navarro','Femenino','1999-03-05','567 Calle Bolívar, Ciudad Bolívar','VE','300775397','MagdalenaRomero@gmail.com' );
INSERT INTO public.paciente (DNI,primerNombre,primerApellido,segundoNombre,segundoApellido,genero,fNacimiento,domicilio,idPais,telefono,email) VALUES ('1361339145','María José','Quintero',' Raquel',' Duran','Femenino','1988-09-23','890 Avenida Monagas, Maturín','VE','321899325','María JoséQuintero@outlook.es' );
INSERT INTO public.paciente (DNI,primerNombre,primerApellido,segundoNombre,segundoApellido,genero,fNacimiento,domicilio,idPais,telefono,email) VALUES ('1994271133','Clara','Salas',' Emilia',' Delgado','Femenino','1984-03-28','123 Calle Trujillo, Trujillo','VE','301238876','ClaraSalas@gmail.com' );
INSERT INTO public.paciente (DNI,primerNombre,primerApellido,segundoNombre,segundoApellido,genero,fNacimiento,domicilio,idPais,telefono,email) VALUES ('1789262642','Camila','Mata',' Claudia',' Calvo','Femenino','1985-08-04','456 Avenida Yaracuy, San Felipe','VE','300410115','CamilaMata@correo.com' );
INSERT INTO public.paciente (DNI,primerNombre,primerApellido,segundoNombre,segundoApellido,genero,fNacimiento,domicilio,idPais,telefono,email) VALUES ('1752538159','Luna','Santos',' Silvia',' Fajardo','Femenino','1979-12-11','789 Calle Portuguesa, Guanare','VE','300070665','LunaSantos@hotmail.com' );
INSERT INTO public.paciente (DNI,primerNombre,primerApellido,segundoNombre,segundoApellido,genero,fNacimiento,domicilio,idPais,telefono,email) VALUES ('1853093250','Paola','Hernández',' Rocio',' Cabrera','Femenino','1966-01-07','321 Avenida Barinas, Barinas','VE','315677323','PaolaHernández@gmail.com' );
INSERT INTO public.paciente (DNI,primerNombre,primerApellido,segundoNombre,segundoApellido,genero,fNacimiento,domicilio,idPais,telefono,email) VALUES ('1134088631','Mónica','Castañeda',' Gabriela',' Flores','Femenino','1963-07-11','654 Calle Cojedes, San Carlos','VE','300971486','MónicaCastañeda@gmail.com' );
INSERT INTO public.paciente (DNI,primerNombre,primerApellido,segundoNombre,segundoApellido,genero,fNacimiento,domicilio,idPais,telefono,email) VALUES ('1884192458','Berta','Navarro',' Catalina',' Gallardo','Femenino','1980-09-15','987 Avenida Apure, San Fernando de Apure','VE','300168944','BertaNavarro@correo.com' );
INSERT INTO public.paciente (DNI,primerNombre,primerApellido,segundoNombre,segundoApellido,genero,fNacimiento,domicilio,idPais,telefono,email) VALUES ('1547928006','Luna','Zambrano',' Juana',' Ortega','Femenino','1985-01-21','234 Calle Amazonas, Puerto Ayacucho','VE','315016828','LunaZambrano@outlook.com' );
INSERT INTO public.paciente (DNI,primerNombre,primerApellido,segundoNombre,segundoApellido,genero,fNacimiento,domicilio,idPais,telefono,email) VALUES ('1252571209','Angélica','Guerrero',' Eugenia',' Vázquez','Femenino','1999-01-06','567 Avenida Vargas, La Guaira','VE','300395539','AngélicaGuerrero@outlook.com' );
INSERT INTO public.paciente (DNI,primerNombre,primerApellido,segundoNombre,segundoApellido,genero,fNacimiento,domicilio,idPais,telefono,email) VALUES ('1807832263','Luz','Moreno',' Lucía',' Flores','Femenino','1974-01-15','890 Calle Delta Amacuro, Tucupita','VE','300530115','LuzMoreno@outlook.es' );
INSERT INTO public.paciente (DNI,primerNombre,primerApellido,segundoNombre,segundoApellido,genero,fNacimiento,domicilio,idPais,telefono,email) VALUES ('1428470061','Gabriela','Romero',' Eva',' Vega','Femenino','1957-07-27','123 Avenida Lara, Cabudare','VE','300181177','GabrielaRomero@gmail.com' );
INSERT INTO public.paciente (DNI,primerNombre,primerApellido,segundoNombre,segundoApellido,genero,fNacimiento,domicilio,idPais,telefono,email) VALUES ('1460044855','Graciela','Quintero',' Gabriela',' Morales','Femenino','1978-07-11','456 Calle Guarico, San Juan de los Morros','VE','300937213','GracielaQuintero@hotmail.com' );
INSERT INTO public.paciente (DNI,primerNombre,primerApellido,segundoNombre,segundoApellido,genero,fNacimiento,domicilio,idPais,telefono,email) VALUES ('1840379814','Juana','Aragón',' Sofía',' Hernández','Femenino','1964-05-15','789 Avenida Anzoátegui, Barcelona','VE','300561951','JuanaAragón@correo.com' );
INSERT INTO public.paciente (DNI,primerNombre,primerApellido,segundoNombre,segundoApellido,genero,fNacimiento,domicilio,idPais,telefono,email) VALUES ('1112304803','Renata','Pérez',' Liliana',' Cruz','Femenino','1985-12-17','321 Calle Aragua, Maracay','VE','305916899','RenataPérez@gmail.com' );
INSERT INTO public.paciente (DNI,primerNombre,primerApellido,segundoNombre,segundoApellido,genero,fNacimiento,domicilio,idPais,telefono,email) VALUES ('1438724801','Patricia','Rubio',' Selena',' Salas','Femenino','1972-10-14','654 Avenida Miranda, Caracas','VE','300949112','PatriciaRubio@correo.com' );
INSERT INTO public.paciente (DNI,primerNombre,primerApellido,segundoNombre,segundoApellido,genero,fNacimiento,domicilio,idPais,telefono,email) VALUES ('1269690004','Diana','Ochoa',' Carmen',' Fajardo','Femenino','1992-11-21','987 Calle Sucre, San Cristóbal','VE','301670437','DianaOchoa@hotmail.com' );
INSERT INTO public.paciente (DNI,primerNombre,primerApellido,segundoNombre,segundoApellido,genero,fNacimiento,domicilio,idPais,telefono,email) VALUES ('1362524709','Patricia','Blanco',' Eva',' Hidalgo','Femenino','1969-09-04','234 Avenida Táchira, Mérida','VE','301191193','PatriciaBlanco@outlook.es' );
INSERT INTO public.paciente (DNI,primerNombre,primerApellido,segundoNombre,segundoApellido,genero,fNacimiento,domicilio,idPais,telefono,email) VALUES ('1620535720','Rita','Mendoza',' Eva',' Rodríguez','Femenino','1960-11-05','567 Calle Mérida, Mérida','VE','315039752','RitaMendoza@outlook.es' );
INSERT INTO public.paciente (DNI,primerNombre,primerApellido,segundoNombre,segundoApellido,genero,fNacimiento,domicilio,idPais,telefono,email) VALUES ('1333932003','Dolores','Alonso',' Estela',' Campos','Femenino','1974-03-24','890 Avenida Bolívar, Caracas','VE','305900259','DoloresAlonso@correo.com' );
INSERT INTO public.paciente (DNI,primerNombre,primerApellido,segundoNombre,segundoApellido,genero,fNacimiento,domicilio,idPais,telefono,email) VALUES ('1649581838','Gisela','Cabrera',' Miriam',' Soto','Femenino','1998-09-20','123 Calle Delta Amacuro, Tucupita','VE','301829223','GiselaCabrera@gmail.com' );
INSERT INTO public.paciente (DNI,primerNombre,primerApellido,segundoNombre,segundoApellido,genero,fNacimiento,domicilio,idPais,telefono,email) VALUES ('1570432738','Lucía','Calvo',' Paola',' Miranda','Femenino','1997-02-27','456 Avenida Vargas, La Guaira','VE','315887715','LucíaCalvo@correo.com' );
INSERT INTO public.paciente (DNI,primerNombre,primerApellido,segundoNombre,segundoApellido,genero,fNacimiento,domicilio,idPais,telefono,email) VALUES ('1014131768','Beatriz','Guerrero',' Victoria',' Fernández','Femenino','1967-01-09','789 Calle Amazonas, Puerto Ayacucho','VE','300235470','BeatrizGuerrero@outlook.es' );
INSERT INTO public.paciente (DNI,primerNombre,primerApellido,segundoNombre,segundoApellido,genero,fNacimiento,domicilio,idPais,telefono,email) VALUES ('1198563042','Ximena','Salas',' Adriana',' Valle','Femenino','1996-01-28','321 Avenida Anzoátegui, Barcelona','VE','300302556','XimenaSalas@correo.com' );
INSERT INTO public.paciente (DNI,primerNombre,primerApellido,segundoNombre,segundoApellido,genero,fNacimiento,domicilio,idPais,telefono,email) VALUES ('1123149145','Irma','Beltrán',' Victoria',' Carrasco','Femenino','1992-12-20','654 Calle Guarico, San Juan de los Morros','VE','300124131','IrmaBeltrán@hotmail.com' );
INSERT INTO public.paciente (DNI,primerNombre,primerApellido,segundoNombre,segundoApellido,genero,fNacimiento,domicilio,idPais,telefono,email) VALUES ('1676209459','Rocio','Montes',' Olga',' López','Femenino','1956-10-15','987 Avenida Falcon, Punto Fijo','VE','300762824','RocioMontes@correo.com' );
INSERT INTO public.paciente (DNI,primerNombre,primerApellido,segundoNombre,segundoApellido,genero,fNacimiento,domicilio,idPais,telefono,email) VALUES ('1771792872','Diana','Palacios',' Rocío',' Beltrán','Femenino','1988-04-14','234 Calle Carabobo, Puerto Cabello','VE','300157221','DianaPalacios@correo.com' );
INSERT INTO public.paciente (DNI,primerNombre,primerApellido,segundoNombre,segundoApellido,genero,fNacimiento,domicilio,idPais,telefono,email) VALUES ('1722283493','Ximena','Hidalgo',' Mónica',' Blanco','Femenino','1964-08-27','567 Avenida Lara, Cabudare','VE','308040126','XimenaHidalgo@outlook.com' );
INSERT INTO public.paciente (DNI,primerNombre,primerApellido,segundoNombre,segundoApellido,genero,fNacimiento,domicilio,idPais,telefono,email) VALUES ('1358327956','Ruth','Martínez',' Estela',' Vázquez','Femenino','1981-06-26','890 Calle Aragua, Maracay','VE','308909110','RuthMartínez@outlook.es' );
INSERT INTO public.paciente (DNI,primerNombre,primerApellido,segundoNombre,segundoApellido,genero,fNacimiento,domicilio,idPais,telefono,email) VALUES ('1255927885','Julieta','Núñez',' Irma',' Ramírez','Femenino','1990-01-06','123 Avenida Zulia, Maracaibo','VE','300312749','JulietaNúñez@hotmail.com' );
INSERT INTO public.paciente (DNI,primerNombre,primerApellido,segundoNombre,segundoApellido,genero,fNacimiento,domicilio,idPais,telefono,email) VALUES ('1132098831','Catalina','Rubio',' Eugenia',' Cruz','Femenino','1981-11-27','456 Calle Miranda, Caracas','VE','315810582','CatalinaRubio@outlook.com' );
INSERT INTO public.paciente (DNI,primerNombre,primerApellido,segundoNombre,segundoApellido,genero,fNacimiento,domicilio,idPais,telefono,email) VALUES ('1679488087','Claudia','Montes',' Valeria',' Herrera','Femenino','1992-06-05','789 Avenida Sucre, San Cristóbal','VE','300849809','ClaudiaMontes@gmail.com' );
INSERT INTO public.paciente (DNI,primerNombre,primerApellido,segundoNombre,segundoApellido,genero,fNacimiento,domicilio,idPais,telefono,email) VALUES ('1183255671','Margarita','Pizarro',' Paola',' Navarro','Femenino','1972-01-18','321 Calle Táchira, Mérida','VE','300693801','MargaritaPizarro@outlook.com' );
INSERT INTO public.paciente (DNI,primerNombre,primerApellido,segundoNombre,segundoApellido,genero,fNacimiento,domicilio,idPais,telefono,email) VALUES ('1661474644','Irma','Mata',' Renata',' Hernández','Femenino','1958-09-11','654 Avenida Mérida, Mérida','VE','300905987','IrmaMata@outlook.com' );
INSERT INTO public.paciente (DNI,primerNombre,primerApellido,segundoNombre,segundoApellido,genero,fNacimiento,domicilio,idPais,telefono,email) VALUES ('1659510733','Graciela','Reyes',' Silvia',' Prieto','Femenino','1978-04-28','987 Calle Bolívar, Caracas','VE','305845979','GracielaReyes@outlook.es' );
INSERT INTO public.paciente (DNI,primerNombre,primerApellido,segundoNombre,segundoApellido,genero,fNacimiento,domicilio,idPais,telefono,email) VALUES ('1114669120','Gabriela','Martín',' Yolanda',' Mesa','Femenino','1970-12-15','234 Avenida Delta Amacuro, Tucupita','VE','300917549','GabrielaMartín@outlook.com' );
INSERT INTO public.paciente (DNI,primerNombre,primerApellido,segundoNombre,segundoApellido,genero,fNacimiento,domicilio,idPais,telefono,email) VALUES ('1787117609','Mariana','Pizarro',' Magdalena',' Fuentes','Femenino','1963-06-10','567 Calle Vargas, La Guaira','VE','300055263','MarianaPizarro@outlook.es' );
INSERT INTO public.paciente (DNI,primerNombre,primerApellido,segundoNombre,segundoApellido,genero,fNacimiento,domicilio,idPais,telefono,email) VALUES ('1708085727','Olga','Martínez',' Ana María',' Sánchez','Femenino','1953-02-01','890 Avenida Amazonas, Puerto Ayacucho','VE','300962347','OlgaMartínez@outlook.com' );
INSERT INTO public.paciente (DNI,primerNombre,primerApellido,segundoNombre,segundoApellido,genero,fNacimiento,domicilio,idPais,telefono,email) VALUES ('1330933847','Marina','Romero',' Teresa',' Miranda','Femenino','1994-03-02','123 Calle Anzoátegui, Barcelona','VE','315928547','MarinaRomero@gmail.com' );
INSERT INTO public.paciente (DNI,primerNombre,primerApellido,segundoNombre,segundoApellido,genero,fNacimiento,domicilio,idPais,telefono,email) VALUES ('1146430478','Aurora','Ibáñez',' Consuelo',' Fajardo','Femenino','1968-01-28','456 Avenida Guarico, San Juan de los Morros','VE','321676051','AuroraIbáñez@outlook.es' );
INSERT INTO public.paciente (DNI,primerNombre,primerApellido,segundoNombre,segundoApellido,genero,fNacimiento,domicilio,idPais,telefono,email) VALUES ('1612983562','Rosa','Prieto',' Sofía',' Álvarez','Femenino','1960-11-06','789 Calle Falcon, Punto Fijo','VE','300892398','RosaPrieto@outlook.es' );
INSERT INTO public.paciente (DNI,primerNombre,primerApellido,segundoNombre,segundoApellido,genero,fNacimiento,domicilio,idPais,telefono,email) VALUES ('1451353485','Dolores','Ríos',' Renata',' Navarrete','Femenino','1984-03-27','321 Avenida Carabobo, Puerto Cabello','VE','300486042','DoloresRíos@gmail.com' );
INSERT INTO public.paciente (DNI,primerNombre,primerApellido,segundoNombre,segundoApellido,genero,fNacimiento,domicilio,idPais,telefono,email) VALUES ('1530424137','Yolanda','Roldán',' Miriam',' Márquez','Femenino','1977-02-13','654 Calle Lara, Cabudare','VE','301924442','YolandaRoldán@correo.com' );
INSERT INTO public.paciente (DNI,primerNombre,primerApellido,segundoNombre,segundoApellido,genero,fNacimiento,domicilio,idPais,telefono,email) VALUES ('1773230013','Catalina','Miranda',' Paola',' Calvo','Femenino','1985-01-16','987 Avenida Aragua, Maracay','VE','300597244','CatalinaMiranda@outlook.com' );
INSERT INTO public.paciente (DNI,primerNombre,primerApellido,segundoNombre,segundoApellido,genero,fNacimiento,domicilio,idPais,telefono,email) VALUES ('1382399940','Emilia','Palacios',' Aurora',' Gallego','Femenino','1979-06-21','234 Calle Zulia, Maracaibo','VE','315300535','EmiliaPalacios@correo.com' );
INSERT INTO public.paciente (DNI,primerNombre,primerApellido,segundoNombre,segundoApellido,genero,fNacimiento,domicilio,idPais,telefono,email) VALUES ('1289549107','Marcela','Martín',' Graciela',' Mendoza','Femenino','1989-12-07','567 Avenida Miranda, Caracas','VE','300348093','MarcelaMartín@outlook.es' );
INSERT INTO public.paciente (DNI,primerNombre,primerApellido,segundoNombre,segundoApellido,genero,fNacimiento,domicilio,idPais,telefono,email) VALUES ('1832778922','Susana','Morales',' Luna',' Molina','Femenino','1990-04-23','890 Calle Sucre, San Cristóbal','VE','315036545','SusanaMorales@correo.com' );
INSERT INTO public.paciente (DNI,primerNombre,primerApellido,segundoNombre,segundoApellido,genero,fNacimiento,domicilio,idPais,telefono,email) VALUES ('1119987935','Mónica','Lorenzo',' Diana',' Carrasco','Femenino','1953-09-19','123 Avenida Táchira, Mérida','VE','301534174','MónicaLorenzo@correo.com' );
